"","RouteIdentifier","survey_year","CollectorNumber","nstop","latitude","longitude","StateProvince","bcr"
"1","NB054",2017,1030073,10,45.635021,-65.799431,"NB",14
"2","NB002",2017,1068489,9,45.428169,-67.25354,"NB",14
"3","NB046",2017,1030405,10,47.003391,-65.729599,"NB",14
"4","NB017",2017,1030056,10,47.50716,-66.730118,"NB",14
"5","NB041",2017,1030056,9,47.581829,-65.983437,"NB",14
"6","NB094",2017,1030122,10,47.494469,-68.010223,"NB",14
"7","NB039",2017,1032147,10,47.392651,-66.396172,"NB",14
"8","NB073",2017,1030070,10,47.140171,-66.10675,"NB",14
"9","NB009",2017,1030122,10,47.131859,-67.702629,"NB",14
"10","NB030",2017,1051830,9,45.502789,-66.049187,"NB",14
"11","NB096",2017,1030122,10,47.223049,-67.615608,"NB",14
"12","NB029",2017,1074875,10,44.795071,-66.784279,"NB",14
"13","NB031",2017,1051830,9,45.433811,-66.235718,"NB",14
"14","NB052",2017,1030370,10,45.643917,-65.220749,"NB",14
"15","NB053",2017,1030085,10,45.627781,-65.745689,"NB",14
"16","NB060",2017,1077609,9,46.246399,-64.928947,"NB",14
"17","NB023",2017,1030368,10,46.197189,-66.927391,"NB",14
"18","NB083",2017,1030122,10,47.32552,-67.696198,"NB",14
"19","NB061",2016,1030081,10,46.124191,-64.967979,"NB",14
"20","NB006",2017,1074874,10,46.258041,-67.262787,"NB",14
"21","NB113",2016,1051849,10,45.590519,-65.448608,"NB",14
"22","NB001",2017,1054918,10,45.449188,-67.441971,"NB",14
"23","NB102",2017,1051811,10,47.62822,-66.41906,"NB",14
"24","NB038",2017,1030372,10,47.00177,-66.272743,"NB",14
"25","NB036",2017,1051832,10,46.868752,-66.026222,"NB",14
"26","NB063",2017,1074880,9,46.535622,-64.734291,"NB",14
"27","NB056",2017,1077272,10,45.268333,-65.73333,"NB",14
"28","NB062",2017,1030030,10,46.18676,-64.690002,"NB",14
"29","NB076",2017,1079011,10,46.018532,-65.710899,"NB",14
"30","NB081",2017,1079009,10,45.788891,-65.496498,"NB",14
"31","NB069",2017,1030041,10,45.99474,-64.298698,"NB",14
"32","NB009",2018,1030122,10,47.131859,-67.702629,"NB",14
"33","NB075",2018,1079011,10,46.36808,-65.497643,"NB",14
"34","NB037",2018,1030372,10,46.82272,-66.113564,"NB",14
"35","NB080",2017,1051847,10,45.77499,-66.089348,"NB",14
"36","NB085",2016,1077263,10,47.677151,-65.395126,"NB",14
"37","NB041",2018,1030056,10,47.581829,-65.983437,"NB",14
"38","NB069",2018,1030051,10,45.99474,-64.298698,"NB",14
"39","NB113",2017,1051849,10,45.590519,-65.448608,"NB",14
"40","NB023",2018,1030368,10,46.197189,-66.927391,"NB",14
"41","NB039",2018,1032147,10,47.392651,-66.396172,"NB",14
"42","NB056",2018,1046609,10,45.268333,-65.73333,"NB",14
"43","NB096",2018,1030122,10,47.223049,-67.615608,"NB",14
"44","NB028",2018,1051827,7,45.17017,-66.920609,"NB",14
"45","NB094",2018,1030122,10,47.494469,-68.010223,"NB",14
"46","NB101",2018,1051811,10,47.566559,-66.788422,"NB",14
"47","NB033",2018,1081240,10,45.94017,-66.153267,"NB",14
"48","NB104",2017,1044071,10,46.13641,-66.297539,"NB",14
"49","NB041",2019,1030056,10,47.581829,-65.983437,"NB",14
"50","NB052",2019,1030370,9,45.643917,-65.220749,"NB",14
"51","NB068",2018,1051843,8,45.764889,-64.489998,"NB",14
"52","NB003",2017,1074890,8,45.76347,-67.470863,"NB",14
"53","NB001",2003,1030403,8,45.449188,-67.441971,"NB",14
"54","NB001",2009,1030403,9,45.449188,-67.441971,"NB",14
"55","NB001",2015,1054918,10,45.449188,-67.441971,"NB",14
"56","NB002",2002,1074834,10,45.428169,-67.25354,"NB",14
"57","NB002",2005,1077261,10,45.428169,-67.25354,"NB",14
"58","NB002",2014,1077261,10,45.428169,-67.25354,"NB",14
"59","NB003",2015,1074890,10,45.76347,-67.470863,"NB",14
"60","NB003",2016,1074890,8,45.76347,-67.470863,"NB",14
"61","NB025",2018,1030464,10,45.653751,-66.74337,"NB",14
"62","NB081",2018,1079009,10,45.788891,-65.496498,"NB",14
"63","NB043",2017,1051811,10,47.945751,-66.409889,"NB",14
"64","NB028",2017,1051827,9,45.17017,-66.920609,"NB",14
"65","NB101",2017,1051811,10,47.566559,-66.788422,"NB",14
"66","NB110",2017,1051827,9,45.250099,-67.157402,"NB",14
"67","NB033",2017,1030374,10,45.94017,-66.153267,"NB",14
"68","NB070",2017,1051844,9,46.170448,-64.42466,"NB",14
"69","NB057",2017,1030089,10,45.534111,-65.517372,"NB",14
"70","NB063",2018,1074880,10,46.535622,-64.734291,"NB",14
"71","NB045",2017,1051811,9,47.412739,-65.879181,"NB",14
"72","NB070",2019,1043244,10,46.170448,-64.42466,"NB",14
"73","NB102",2018,1051811,10,47.62822,-66.41906,"NB",14
"74","NB060",2019,1081183,10,46.246399,-64.928947,"NB",14
"75","NB104",2018,1044071,10,46.13641,-66.297539,"NB",14
"76","NB070",2018,1051844,10,46.170448,-64.42466,"NB",14
"77","NB053",2018,1030085,10,45.627781,-65.745689,"NB",14
"78","NB005",2003,1075571,10,46.264137,-67.447609,"NB",14
"79","NB028",2019,1051827,10,45.17017,-66.920609,"NB",14
"80","NB079",2017,1051810,10,46.315281,-67.599113,"NB",14
"81","NB026",2018,1079129,3,45.750542,-66.915161,"NB",14
"82","NB073",2018,1030070,10,47.140171,-66.10675,"NB",14
"83","NB068",2017,1051843,10,45.764889,-64.489998,"NB",14
"84","NB080",2018,1051847,10,45.77499,-66.089348,"NB",14
"85","NB084",2017,1074880,9,46.642231,-64.957657,"NB",14
"86","NB046",2019,1030405,10,47.003391,-65.729599,"NB",14
"87","NB006",2014,1074874,10,46.258041,-67.262787,"NB",14
"88","NB037",2019,1030372,10,46.82272,-66.113564,"NB",14
"89","NB006",2015,1074874,10,46.258041,-67.262787,"NB",14
"90","NB008",2018,1074874,10,46.51086,-67.346329,"NB",14
"91","NB006",2002,1075571,10,46.258041,-67.262787,"NB",14
"92","NB073",2019,1030070,10,47.140171,-66.10675,"NB",14
"93","NB078",2019,1081351,10,45.86451,-66.618958,"NB",14
"94","NB039",2019,1032147,10,47.392651,-66.396172,"NB",14
"95","NB046",2018,1030405,10,47.003391,-65.729599,"NB",14
"96","NB062",2019,1053423,8,46.18676,-64.690002,"NB",14
"97","NB030",2019,1051830,10,45.502789,-66.049187,"NB",14
"98","NB036",2018,1051832,10,46.868752,-66.026222,"NB",14
"99","NB054",2018,1030073,10,45.635021,-65.799431,"NB",14
"100","NB007",2001,1074776,10,46.69809,-67.55376,"NB",14
"101","NB043",2018,1077268,10,47.945751,-66.409889,"NB",14
"102","NB001",2005,1030403,10,45.449188,-67.441971,"NB",14
"103","NB001",2006,1030403,10,45.449188,-67.441971,"NB",14
"104","NB038",2018,1030372,10,47.00177,-66.272743,"NB",14
"105","NB001",2013,1032146,10,45.449188,-67.441971,"NB",14
"106","NB031",2018,1051830,10,45.433811,-66.235718,"NB",14
"107","NB002",2001,1051827,10,45.428169,-67.25354,"NB",14
"108","NB002",2016,1074873,10,45.428169,-67.25354,"NB",14
"109","NB001",2018,1054918,10,45.449188,-67.441971,"NB",14
"110","NB010",2010,1030030,7,47.144939,-67.242104,"NB",14
"111","NB002",2011,1077261,9,45.428169,-67.25354,"NB",14
"112","NB002",2009,1077261,10,45.428169,-67.25354,"NB",14
"113","NB054",2019,1081148,10,45.786369,-65.884422,"NB",14
"114","NB026",2019,1079129,10,45.750542,-66.915161,"NB",14
"115","NB061",2018,1030081,10,46.124191,-64.967979,"NB",14
"116","NB002",2015,1077269,10,45.428169,-67.25354,"NB",14
"117","NB003",2007,1077307,10,45.76347,-67.470863,"NB",14
"118","NB030",2018,1051830,10,45.502789,-66.049187,"NB",14
"119","NB003",2005,1077307,10,45.76347,-67.470863,"NB",14
"120","NB113",2018,1030060,10,45.590519,-65.448608,"NB",14
"121","NB011",2002,1051811,10,47.50341,-67.254967,"NB",14
"122","NB083",2018,1030122,10,47.32552,-67.696198,"NB",14
"123","NB085",2018,1077263,10,47.677151,-65.395126,"NB",14
"124","NB009",2019,1030122,10,47.131859,-67.702629,"NB",14
"125","NB004",2001,1030390,10,45.621239,-67.429367,"NB",14
"126","NB017",2019,1030056,10,47.50716,-66.730118,"NB",14
"127","NB004",2009,1030390,10,45.621239,-67.429367,"NB",14
"128","NB013",2003,1030122,9,47.586948,-68.234589,"NB",14
"129","NB004",2013,1030390,6,45.621239,-67.429367,"NB",14
"130","NB004",2002,1030390,10,45.621239,-67.429367,"NB",14
"131","NB013",2006,1030122,9,47.586948,-68.234589,"NB",14
"132","NB004",2007,1030390,10,45.621239,-67.429367,"NB",14
"133","NB014",2002,1074823,9,47.41787,-68.416763,"NB",14
"134","NB013",2019,1081262,10,47.586948,-68.234589,"NB",14
"135","NB033",2019,1081240,8,45.94017,-66.153267,"NB",14
"136","NB006",2019,1078366,10,46.258041,-67.262787,"NB",14
"137","NB068",2019,1051843,7,45.764889,-64.489998,"NB",14
"138","NB005",2005,1075571,10,46.264137,-67.447609,"NB",14
"139","NB005",2001,1075571,10,46.264137,-67.447609,"NB",14
"140","NB006",2001,1074819,10,46.258041,-67.262787,"NB",14
"141","NB001",2007,1030403,10,45.449188,-67.441971,"NB",14
"142","NB061",2019,1032461,10,46.124191,-64.967979,"NB",14
"143","NB017",2014,1030056,9,47.50716,-66.730118,"NB",14
"144","NB001",2012,1032146,10,45.449188,-67.441971,"NB",14
"145","NB038",2019,1030372,10,47.00177,-66.272743,"NB",14
"146","NB029",2019,1081392,9,44.795071,-66.784279,"NB",14
"147","NB096",2019,1030122,10,47.223049,-67.615608,"NB",14
"148","NB069",2019,1030051,10,45.99474,-64.298698,"NB",14
"149","NB019",2002,1074806,10,46.93119,-66.47092,"NB",14
"150","NB006",2007,1075571,10,46.258041,-67.262787,"NB",14
"151","NB001",2010,1030403,10,45.449188,-67.441971,"NB",14
"152","NB001",2002,1030403,10,45.449188,-67.441971,"NB",14
"153","NB008",2012,1074897,10,46.51086,-67.346329,"NB",14
"154","NB003",2002,1074861,10,45.76347,-67.470863,"NB",14
"155","NB001",2011,1030403,10,45.449188,-67.441971,"NB",14
"156","NB001",2008,1030403,10,45.449188,-67.441971,"NB",14
"157","NB020",2008,1051817,9,46.72016,-66.83403,"NB",14
"158","NB004",2008,1030390,10,45.621239,-67.429367,"NB",14
"159","NB004",2015,1030390,10,45.621239,-67.429367,"NB",14
"160","NB008",2003,1077285,8,46.51086,-67.346329,"NB",14
"161","NB009",2002,1030122,10,47.131859,-67.702629,"NB",14
"162","NB004",2014,1030390,10,45.621239,-67.429367,"NB",14
"163","NB009",2008,1030122,10,47.131859,-67.702629,"NB",14
"164","NB006",2003,1075571,10,46.258041,-67.262787,"NB",14
"165","NB021",2003,1051818,10,46.838322,-66.675423,"NB",14
"166","NB006",2004,1075571,10,46.258041,-67.262787,"NB",14
"167","NB006",2005,1075571,10,46.258041,-67.262787,"NB",14
"168","NB021",2008,1051818,10,46.838322,-66.675423,"NB",14
"169","NB006",2009,1075571,10,46.258041,-67.262787,"NB",14
"170","NB002",2003,1077261,10,45.428169,-67.25354,"NB",14
"171","NB002",2013,1077261,10,45.428169,-67.25354,"NB",14
"172","NB007",2006,1077302,10,46.69809,-67.55376,"NB",14
"173","NB022",2003,1030387,10,46.21464,-66.76923,"NB",14
"174","NB009",2015,1030122,10,47.131859,-67.702629,"NB",14
"175","NB004",2010,1030390,10,45.621239,-67.429367,"NB",14
"176","NB004",2004,1030390,10,45.621239,-67.429367,"NB",14
"177","NB005",2011,1075571,10,46.264137,-67.447609,"NB",14
"178","NB023",2016,1030368,10,46.197189,-66.927391,"NB",14
"179","NB009",2005,1030122,10,47.131859,-67.702629,"NB",14
"180","NB005",2010,1075571,10,46.264137,-67.447609,"NB",14
"181","NB003",2013,1074890,10,45.76347,-67.470863,"NB",14
"182","NB023",2015,1030368,10,46.197189,-66.927391,"NB",14
"183","NB010",2004,1074836,10,47.144939,-67.242104,"NB",14
"184","NB009",2009,1030122,10,47.131859,-67.702629,"NB",14
"185","NB004",2005,1030390,10,45.621239,-67.429367,"NB",14
"186","NB023",2008,1030368,10,46.197189,-66.927391,"NB",14
"187","NB009",2014,1030122,10,47.131859,-67.702629,"NB",14
"188","NB011",2009,1051811,10,47.50341,-67.254967,"NB",14
"189","NB011",2004,1051811,10,47.50341,-67.254967,"NB",14
"190","NB005",2006,1075571,10,46.264137,-67.447609,"NB",14
"191","NB005",2002,1075571,10,46.264137,-67.447609,"NB",14
"192","NB005",2004,1075571,10,46.264137,-67.447609,"NB",14
"193","NB011",2007,1051811,10,47.50341,-67.254967,"NB",14
"194","NB004",2011,1030390,10,45.621239,-67.429367,"NB",14
"195","NB004",2016,1030390,10,45.621239,-67.429367,"NB",14
"196","NB006",2016,1074874,10,46.258041,-67.262787,"NB",14
"197","NB024",2006,1051822,10,45.78561,-67.160294,"NB",14
"198","NB011",2006,1051811,10,47.50341,-67.254967,"NB",14
"199","NB011",2012,1051811,10,47.50341,-67.254967,"NB",14
"200","NB011",2011,1051811,10,47.50341,-67.254967,"NB",14
"201","NB025",2014,1030464,10,45.653751,-66.74337,"NB",14
"202","NB011",2016,1051811,7,47.50341,-67.254967,"NB",14
"203","NB006",2013,1074898,10,46.258041,-67.262787,"NB",14
"204","NB006",2011,1075571,10,46.258041,-67.262787,"NB",14
"205","NB013",2005,1030122,7,47.586948,-68.234589,"NB",14
"206","NB005",2009,1075571,10,46.264137,-67.447609,"NB",14
"207","NB006",2010,1075571,10,46.258041,-67.262787,"NB",14
"208","NB011",2003,1051811,10,47.50341,-67.254967,"NB",14
"209","NB014",2004,1030122,8,47.41787,-68.416763,"NB",14
"210","NB012",2004,1030122,10,47.598701,-67.344032,"NB",14
"211","NB013",2011,1030122,10,47.586948,-68.234589,"NB",14
"212","NB015",2006,1077271,10,47.99182,-66.85054,"NB",14
"213","NB013",2009,1030122,10,47.586948,-68.234589,"NB",14
"214","NB007",2002,1074776,10,46.69809,-67.55376,"NB",14
"215","NB014",2003,1030122,10,47.41787,-68.416763,"NB",14
"216","NB015",2010,1077271,10,47.99182,-66.85054,"NB",14
"217","NB008",2010,1077285,10,46.51086,-67.346329,"NB",14
"218","NB008",2001,1077285,9,46.51086,-67.346329,"NB",14
"219","NB008",2009,1077285,9,46.51086,-67.346329,"NB",14
"220","NB015",2007,1077271,10,47.99182,-66.85054,"NB",14
"221","NB008",2007,1077285,9,46.51086,-67.346329,"NB",14
"222","NB016",2005,1051811,10,47.488911,-66.999687,"NB",14
"223","NB007",2003,1074776,10,46.69809,-67.55376,"NB",14
"224","NB017",2011,1030056,10,47.50716,-66.730118,"NB",14
"225","NB009",2003,1030122,10,47.131859,-67.702629,"NB",14
"226","NB009",2006,1030122,10,47.131859,-67.702629,"NB",14
"227","NB015",2016,1077271,7,47.99182,-66.85054,"NB",14
"228","NB009",2011,1030122,10,47.131859,-67.702629,"NB",14
"229","NB008",2002,1077285,10,46.51086,-67.346329,"NB",14
"230","NB008",2006,1077285,9,46.51086,-67.346329,"NB",14
"231","NB008",2005,1077285,10,46.51086,-67.346329,"NB",14
"232","NB009",2010,1030122,10,47.131859,-67.702629,"NB",14
"233","NB016",2001,1077273,10,47.488911,-66.999687,"NB",14
"234","NB017",2012,1030056,9,47.50716,-66.730118,"NB",14
"235","NB025",2006,1030464,10,45.653751,-66.74337,"NB",14
"236","NB018",2004,1051817,10,46.977695,-66.818703,"NB",14
"237","NB010",2001,1074815,10,47.144939,-67.242104,"NB",14
"238","NB026",2010,1030642,10,45.750542,-66.915161,"NB",14
"239","NB026",2009,1030642,10,45.750542,-66.915161,"NB",14
"240","NB018",2001,1074816,10,46.977695,-66.818703,"NB",14
"241","NB026",2012,1074889,7,45.750542,-66.915161,"NB",14
"242","NB011",2008,1051811,10,47.50341,-67.254967,"NB",14
"243","NB018",2005,1051817,10,46.977695,-66.818703,"NB",14
"244","NB020",2010,1051817,9,46.72016,-66.83403,"NB",14
"245","NB020",2006,1051817,9,46.72016,-66.83403,"NB",14
"246","NB011",2001,1051811,10,47.50341,-67.254967,"NB",14
"247","NB027",2007,1051826,10,45.437832,-66.781418,"NB",14
"248","NB020",2004,1051817,9,46.72016,-66.83403,"NB",14
"249","NB009",2007,1030122,9,47.131859,-67.702629,"NB",14
"250","NB027",2014,1051826,10,45.437832,-66.781418,"NB",14
"251","NB013",2004,1030122,8,47.586948,-68.234589,"NB",14
"252","NB009",2012,1030122,10,47.131859,-67.702629,"NB",14
"253","NB028",2006,1051827,9,45.17017,-66.920609,"NB",14
"254","NB020",2003,1051817,9,46.72016,-66.83403,"NB",14
"255","NB014",2001,1074783,9,47.41787,-68.416763,"NB",14
"256","NB028",2005,1051827,10,45.17017,-66.920609,"NB",14
"257","NB011",2005,1051811,10,47.50341,-67.254967,"NB",14
"258","NB014",2005,1074863,8,47.4715,-68.209167,"NB",14
"259","NB028",2014,1051827,9,45.17017,-66.920609,"NB",14
"260","NB012",2002,1030122,10,47.598701,-67.344032,"NB",14
"261","NB012",2003,1030122,10,47.598701,-67.344032,"NB",14
"262","NB021",2006,1051818,10,46.838322,-66.675423,"NB",14
"263","NB021",2005,1051818,10,46.838322,-66.675423,"NB",14
"264","NB028",2003,1075308,10,45.17017,-66.920609,"NB",14
"265","NB021",2012,1051818,10,46.838322,-66.675423,"NB",14
"266","NB013",2002,1074835,9,47.586948,-68.234589,"NB",14
"267","NB016",2006,1051811,10,47.488911,-66.999687,"NB",14
"268","NB021",2010,1051818,10,46.838322,-66.675423,"NB",14
"269","NB022",2014,1032674,10,46.21464,-66.76923,"NB",14
"270","NB015",2001,1074808,10,47.99182,-66.85054,"NB",14
"271","NB023",2002,1030368,10,46.197189,-66.927391,"NB",14
"272","NB022",2008,1030387,10,46.21464,-66.76923,"NB",14
"273","NB022",2001,1030387,10,46.21464,-66.76923,"NB",14
"274","NB016",2013,1051811,9,47.488911,-66.999687,"NB",14
"275","NB023",2005,1030368,10,46.197189,-66.927391,"NB",14
"276","NB031",2002,1030067,10,45.433811,-66.235718,"NB",14
"277","NB018",2003,1051817,10,46.977695,-66.818703,"NB",14
"278","NB022",2011,1030387,10,46.21464,-66.76923,"NB",14
"279","NB031",2016,1051830,10,45.433811,-66.235718,"NB",14
"280","NB017",2015,1030056,10,47.50716,-66.730118,"NB",14
"281","NB023",2007,1030368,10,46.197189,-66.927391,"NB",14
"282","NB023",2009,1030368,10,46.197189,-66.927391,"NB",14
"283","NB022",2004,1030387,10,46.21464,-66.76923,"NB",14
"284","NB023",2001,1030368,10,46.197189,-66.927391,"NB",14
"285","NB031",2012,1051830,10,45.433811,-66.235718,"NB",14
"286","NB023",2011,1030368,7,46.197189,-66.927391,"NB",14
"287","NB024",2001,1051822,10,45.78561,-67.160294,"NB",14
"288","NB032",2007,1077269,9,45.733528,-66.174469,"NB",14
"289","NB017",2013,1030056,10,47.50716,-66.730118,"NB",14
"290","NB032",2010,1077269,10,45.733528,-66.174469,"NB",14
"291","NB020",2002,1074837,9,46.72016,-66.83403,"NB",14
"292","NB021",2001,1051818,10,46.838322,-66.675423,"NB",14
"293","NB019",2001,1074806,10,46.93119,-66.47092,"NB",14
"294","NB033",2013,1030374,10,45.94017,-66.153267,"NB",14
"295","NB021",2009,1051818,10,46.838322,-66.675423,"NB",14
"296","NB020",2009,1051817,9,46.72016,-66.83403,"NB",14
"297","NB033",2014,1030374,10,45.94017,-66.153267,"NB",14
"298","NB024",2007,1051822,9,45.78561,-67.160294,"NB",14
"299","NB020",2011,1051817,8,46.72016,-66.83403,"NB",14
"300","NB015",2002,1074808,10,47.99182,-66.85054,"NB",14
"301","NB015",2008,1077271,10,47.99182,-66.85054,"NB",14
"302","NB033",2012,1030374,10,45.94017,-66.153267,"NB",14
"303","NB015",2005,1077271,10,47.99182,-66.85054,"NB",14
"304","NB024",2010,1051822,10,45.78561,-67.160294,"NB",14
"305","NB024",2005,1051822,9,45.78561,-67.160294,"NB",14
"306","NB021",2007,1051818,10,46.838322,-66.675423,"NB",14
"307","NB024",2008,1051822,10,45.78561,-67.160294,"NB",14
"308","NB033",2006,1074911,10,45.94017,-66.153267,"NB",14
"309","NB016",2007,1051811,10,47.488911,-66.999687,"NB",14
"310","NB033",2008,1074911,10,45.94017,-66.153267,"NB",14
"311","NB022",2006,1030387,10,46.21464,-66.76923,"NB",14
"312","NB022",2002,1030387,10,46.21464,-66.76923,"NB",14
"313","NB017",2010,1030030,10,47.50716,-66.730118,"NB",14
"314","NB022",2005,1030387,10,46.21464,-66.76923,"NB",14
"315","NB022",2012,1030387,10,46.21464,-66.76923,"NB",14
"316","NB035",2006,1077266,9,46.480499,-66.05899,"NB",14
"317","NB035",2005,1077266,10,46.480499,-66.05899,"NB",14
"318","NB025",2010,1030464,10,45.653751,-66.74337,"NB",14
"319","NB017",2016,1030056,9,47.50716,-66.730118,"NB",14
"320","NB025",2016,1030464,10,45.653751,-66.74337,"NB",14
"321","NB023",2003,1030368,10,46.197189,-66.927391,"NB",14
"322","NB017",2001,1074795,10,47.50716,-66.730118,"NB",14
"323","NB023",2006,1030368,10,46.197189,-66.927391,"NB",14
"324","NB017",2004,1074795,10,47.50716,-66.730118,"NB",14
"325","NB017",2003,1074795,10,47.50716,-66.730118,"NB",14
"326","NB026",2006,1077301,10,45.750542,-66.915161,"NB",14
"327","NB027",2010,1051826,10,45.437832,-66.781418,"NB",14
"328","NB036",2003,1051832,10,46.868752,-66.026222,"NB",14
"329","NB027",2006,1051826,10,45.437832,-66.781418,"NB",14
"330","NB036",2010,1051832,10,46.868752,-66.026222,"NB",14
"331","NB027",2011,1051826,10,45.437832,-66.781418,"NB",14
"332","NB022",2010,1030387,10,46.21464,-66.76923,"NB",14
"333","NB020",2005,1051817,9,46.72016,-66.83403,"NB",14
"334","NB037",2012,1051818,10,46.82272,-66.113564,"NB",14
"335","NB028",2011,1051827,10,45.17017,-66.920609,"NB",14
"336","NB020",2013,1051817,9,46.72016,-66.83403,"NB",14
"337","NB020",2007,1051817,9,46.72016,-66.83403,"NB",14
"338","NB020",2001,1074799,9,46.72016,-66.83403,"NB",14
"339","NB028",2009,1051827,9,45.17017,-66.920609,"NB",14
"340","NB022",2013,1032674,10,46.21464,-66.76923,"NB",14
"341","NB037",2007,1051818,10,46.82272,-66.113564,"NB",14
"342","NB028",2015,1051827,9,45.17017,-66.920609,"NB",14
"343","NB028",2002,1075308,9,45.17017,-66.920609,"NB",14
"344","NB038",2009,1030372,10,47.00177,-66.272743,"NB",14
"345","NB024",2004,1051822,10,45.78561,-67.160294,"NB",14
"346","NB024",2002,1051822,9,45.78561,-67.160294,"NB",14
"347","NB022",2009,1030387,10,46.21464,-66.76923,"NB",14
"348","NB024",2003,1051822,9,45.78561,-67.160294,"NB",14
"349","NB029",2010,1081633,10,44.795071,-66.784279,"NB",14
"350","NB023",2014,1030368,10,46.197189,-66.927391,"NB",14
"351","NB030",2004,1077260,10,45.502789,-66.049187,"NB",14
"352","NB031",2006,1030067,10,45.433811,-66.235718,"NB",14
"353","NB031",2007,1030067,10,45.433811,-66.235718,"NB",14
"354","NB039",2005,1077258,10,47.392651,-66.396172,"NB",14
"355","NB025",2001,1030464,10,45.653751,-66.74337,"NB",14
"356","NB024",2012,1051822,9,45.78561,-67.160294,"NB",14
"357","NB031",2014,1051830,10,45.433811,-66.235718,"NB",14
"358","NB040",2005,1074803,10,47.58033,-65.95089,"NB",14
"359","NB040",2004,1074803,10,47.58033,-65.95089,"NB",14
"360","NB023",2004,1030368,10,46.197189,-66.927391,"NB",14
"361","NB032",2009,1077269,10,45.733528,-66.174469,"NB",14
"362","NB032",2006,1077269,10,45.733528,-66.174469,"NB",14
"363","NB041",2009,1030056,9,47.581829,-65.983437,"NB",14
"364","NB033",2011,1030374,10,45.94017,-66.153267,"NB",14
"365","NB023",2013,1030368,10,46.197189,-66.927391,"NB",14
"366","NB023",2012,1030368,7,46.197189,-66.927391,"NB",14
"367","NB041",2003,1030056,10,47.581829,-65.983437,"NB",14
"368","NB024",2009,1051822,9,45.78561,-67.160294,"NB",14
"369","NB023",2010,1030368,10,46.197189,-66.927391,"NB",14
"370","NB033",2010,1030374,10,45.94017,-66.153267,"NB",14
"371","NB033",2015,1030374,10,45.94017,-66.153267,"NB",14
"372","NB031",2013,1051830,9,45.433811,-66.235718,"NB",14
"373","NB042",2010,1077271,10,47.930561,-66.790131,"NB",14
"374","NB025",2005,1030464,10,45.653751,-66.74337,"NB",14
"375","NB042",2006,1077271,10,47.930561,-66.790131,"NB",14
"376","NB042",2007,1077271,10,47.930561,-66.790131,"NB",14
"377","NB027",2015,1051826,10,45.437832,-66.781418,"NB",14
"378","NB027",2003,1074774,10,45.437832,-66.781418,"NB",14
"379","NB032",2002,1077269,10,45.733528,-66.174469,"NB",14
"380","NB025",2013,1030464,10,45.653751,-66.74337,"NB",14
"381","NB033",2009,1030374,10,45.94017,-66.153267,"NB",14
"382","NB028",2008,1051827,9,45.17017,-66.920609,"NB",14
"383","NB033",2016,1030374,10,45.94017,-66.153267,"NB",14
"384","NB025",2007,1030464,10,45.653751,-66.74337,"NB",14
"385","NB043",2013,1051811,9,47.945751,-66.409889,"NB",14
"386","NB033",2002,1074911,10,45.94017,-66.153267,"NB",14
"387","NB036",2004,1051832,10,46.868752,-66.026222,"NB",14
"388","NB043",2003,1077268,8,47.945751,-66.409889,"NB",14
"389","NB029",2005,1077305,9,44.795071,-66.784279,"NB",14
"390","NB025",2003,1030464,10,45.653751,-66.74337,"NB",14
"391","NB030",2016,1051830,10,45.502789,-66.049187,"NB",14
"392","NB043",2006,1077268,9,47.945751,-66.409889,"NB",14
"393","NB036",2014,1051832,10,46.868752,-66.026222,"NB",14
"394","NB036",2012,1051832,10,46.868752,-66.026222,"NB",14
"395","NB044",2001,1074801,9,47.60894,-65.60253,"NB",14
"396","NB035",2007,1077266,10,46.480499,-66.05899,"NB",14
"397","NB030",2007,1075212,10,45.502789,-66.049187,"NB",14
"398","NB030",2002,1077260,10,45.502789,-66.049187,"NB",14
"399","NB044",2008,1077303,6,47.60894,-65.60253,"NB",14
"400","NB026",2001,1074825,10,45.750542,-66.915161,"NB",14
"401","NB026",2015,1074876,8,45.750542,-66.915161,"NB",14
"402","NB030",2006,1077260,10,45.502789,-66.049187,"NB",14
"403","NB026",2005,1077301,10,45.750542,-66.915161,"NB",14
"404","NB030",2001,1077260,10,45.502789,-66.049187,"NB",14
"405","NB027",2005,1051826,10,45.437832,-66.781418,"NB",14
"406","NB027",2009,1051826,10,45.437832,-66.781418,"NB",14
"407","NB027",2013,1051826,10,45.437832,-66.781418,"NB",14
"408","NB031",2003,1030067,9,45.433811,-66.235718,"NB",14
"409","NB035",2013,1077266,10,46.480499,-66.05899,"NB",14
"410","NB035",2004,1077266,9,46.480499,-66.05899,"NB",14
"411","NB046",2013,1030405,10,47.003391,-65.729599,"NB",14
"412","NB027",2008,1051826,10,45.437832,-66.781418,"NB",14
"413","NB036",2011,1051832,10,46.868752,-66.026222,"NB",14
"414","NB038",2001,1074810,10,47.00177,-66.272743,"NB",14
"415","NB027",2016,1051826,10,45.437832,-66.781418,"NB",14
"416","NB036",2016,1051832,10,46.868752,-66.026222,"NB",14
"417","NB032",2001,1077269,10,45.733528,-66.174469,"NB",14
"418","NB028",2012,1051827,9,45.17017,-66.920609,"NB",14
"419","NB037",2006,1051818,10,46.82272,-66.113564,"NB",14
"420","NB046",2003,1074791,10,47.003391,-65.729599,"NB",14
"421","NB028",2010,1051827,10,45.17017,-66.920609,"NB",14
"422","NB037",2001,1051818,10,46.82272,-66.113564,"NB",14
"423","NB037",2002,1051818,10,46.82272,-66.113564,"NB",14
"424","NB039",2001,1074805,10,47.392651,-66.396172,"NB",14
"425","NB047",2010,1030349,10,47.132881,-65.583382,"NB",14
"426","NB028",2001,1075308,10,45.17017,-66.920609,"NB",14
"427","NB039",2003,1077258,10,47.392651,-66.396172,"NB",14
"428","NB038",2011,1030372,10,47.00177,-66.272743,"NB",14
"429","NB029",2014,1045459,10,44.795071,-66.784279,"NB",14
"430","NB033",2001,1074782,10,45.94017,-66.153267,"NB",14
"431","NB048",2010,1030092,5,46.678879,-65.726898,"NB",14
"432","NB040",2003,1074803,10,47.58033,-65.95089,"NB",14
"433","NB048",2005,1030092,9,46.678879,-65.726898,"NB",14
"434","NB048",2003,1030092,10,46.678879,-65.726898,"NB",14
"435","NB041",2002,1030056,10,47.581829,-65.983437,"NB",14
"436","NB030",2008,1075212,10,45.502789,-66.049187,"NB",14
"437","NB041",2010,1030056,10,47.581829,-65.983437,"NB",14
"438","NB039",2002,1074841,10,47.392651,-66.396172,"NB",14
"439","NB049",2010,1051839,10,46.811917,-65.583944,"NB",14
"440","NB049",2008,1051839,10,46.811917,-65.583944,"NB",14
"441","NB034",2002,1074788,10,46.36592,-66.33281,"NB",14
"442","NB039",2004,1077258,10,47.392651,-66.396172,"NB",14
"443","NB031",2001,1030067,10,45.433811,-66.235718,"NB",14
"444","NB035",2010,1077266,10,46.480499,-66.05899,"NB",14
"445","NB041",2005,1030056,10,47.581829,-65.983437,"NB",14
"446","NB050",2005,1077275,10,46.49515,-65.79811,"NB",14
"447","NB050",2004,1077275,10,46.49515,-65.79811,"NB",14
"448","NB042",2002,1077271,10,47.930561,-66.790131,"NB",14
"449","NB041",2008,1030056,10,47.581829,-65.983437,"NB",14
"450","NB050",2003,1077275,10,46.49515,-65.79811,"NB",14
"451","NB035",2001,1077266,9,46.480499,-66.05899,"NB",14
"452","NB028",2007,1051827,8,45.17017,-66.920609,"NB",14
"453","NB042",2004,1077271,10,47.930561,-66.790131,"NB",14
"454","NB035",2003,1077266,9,46.480499,-66.05899,"NB",14
"455","NB043",2011,1051811,9,47.945751,-66.409889,"NB",14
"456","NB051",2004,1030642,10,46.05829,-65.52256,"NB",14
"457","NB035",2008,1077266,10,46.480499,-66.05899,"NB",14
"458","NB036",2002,1051832,10,46.868752,-66.026222,"NB",14
"459","NB043",2015,1051811,9,47.945751,-66.409889,"NB",14
"460","NB028",2013,1051827,10,45.17017,-66.920609,"NB",14
"461","NB032",2003,1077269,10,45.733528,-66.174469,"NB",14
"462","NB051",2013,1051842,10,46.05829,-65.52256,"NB",14
"463","NB043",2008,1051811,9,47.945751,-66.409889,"NB",14
"464","NB032",2004,1077269,10,45.733528,-66.174469,"NB",14
"465","NB028",2016,1051827,9,45.17017,-66.920609,"NB",14
"466","NB036",2007,1051832,10,46.868752,-66.026222,"NB",14
"467","NB052",2001,1030084,9,45.643917,-65.220749,"NB",14
"468","NB043",2005,1077268,8,47.945751,-66.409889,"NB",14
"469","NB029",2016,1074875,10,44.795071,-66.784279,"NB",14
"470","NB036",2015,1051832,10,46.868752,-66.026222,"NB",14
"471","NB041",2015,1030056,10,47.581829,-65.983437,"NB",14
"472","NB032",2012,1077269,10,45.733528,-66.174469,"NB",14
"473","NB043",2001,1077268,9,47.945751,-66.409889,"NB",14
"474","NB036",2001,1051832,10,46.868752,-66.026222,"NB",14
"475","NB044",2003,1074801,10,47.60894,-65.60253,"NB",14
"476","NB042",2008,1077271,10,47.930561,-66.790131,"NB",14
"477","NB042",2012,1077271,10,47.930561,-66.790131,"NB",14
"478","NB029",2006,1077305,10,44.795071,-66.784279,"NB",14
"479","NB044",2005,1077303,10,47.60894,-65.60253,"NB",14
"480","NB029",2004,1077305,10,44.795071,-66.784279,"NB",14
"481","NB044",2007,1077303,10,47.60894,-65.60253,"NB",14
"482","NB033",2004,1074911,10,45.94017,-66.153267,"NB",14
"483","NB030",2015,1051830,10,45.502789,-66.049187,"NB",14
"484","NB038",2012,1030372,10,47.00177,-66.272743,"NB",14
"485","NB046",2006,1030405,10,47.003391,-65.729599,"NB",14
"486","NB030",2003,1077260,10,45.502789,-66.049187,"NB",14
"487","NB030",2005,1077260,10,45.502789,-66.049187,"NB",14
"488","NB034",2001,1074788,9,46.36592,-66.33281,"NB",14
"489","NB039",2014,1032147,10,47.392651,-66.396172,"NB",14
"490","NB035",2014,1077266,10,46.480499,-66.05899,"NB",14
"491","NB031",2015,1051830,10,45.433811,-66.235718,"NB",14
"492","NB045",2013,1051811,10,47.516628,-65.723572,"NB",14
"493","NB035",2002,1077266,10,46.480499,-66.05899,"NB",14
"494","NB045",2011,1051811,10,47.516628,-65.723572,"NB",14
"495","NB035",2011,1077266,10,46.480499,-66.05899,"NB",14
"496","NB045",2001,1077267,10,47.516628,-65.723572,"NB",14
"497","NB053",2004,1030085,10,45.627781,-65.745689,"NB",14
"498","NB046",2016,1030405,10,47.003391,-65.729599,"NB",14
"499","NB039",2009,1032147,10,47.392651,-66.396172,"NB",14
"500","NB053",2003,1030085,10,45.627781,-65.745689,"NB",14
"501","NB036",2008,1051832,10,46.868752,-66.026222,"NB",14
"502","NB032",2005,1077269,10,45.733528,-66.174469,"NB",14
"503","NB036",2005,1051832,10,46.868752,-66.026222,"NB",14
"504","NB054",2012,1030073,10,45.635021,-65.799431,"NB",14
"505","NB046",2014,1030405,10,47.003391,-65.729599,"NB",14
"506","NB036",2009,1051832,10,46.868752,-66.026222,"NB",14
"507","NB046",2005,1030405,10,47.003391,-65.729599,"NB",14
"508","NB041",2012,1030056,10,47.581829,-65.983437,"NB",14
"509","NB054",2005,1075212,10,45.635021,-65.799431,"NB",14
"510","NB049",2002,1074809,10,46.811917,-65.583944,"NB",14
"511","NB047",2008,1030070,10,47.132881,-65.583382,"NB",14
"512","NB050",2001,1077275,10,46.49515,-65.79811,"NB",14
"513","NB050",2002,1077275,10,46.49515,-65.79811,"NB",14
"514","NB041",2016,1030056,10,47.581829,-65.983437,"NB",14
"515","NB050",2007,1077275,10,46.49515,-65.79811,"NB",14
"516","NB056",2012,1077272,10,45.268333,-65.73333,"NB",14
"517","NB056",2005,1077272,10,45.268333,-65.73333,"NB",14
"518","NB041",2013,1030056,10,47.581829,-65.983437,"NB",14
"519","NB038",2016,1030372,10,47.00177,-66.272743,"NB",14
"520","NB050",2010,1077275,8,46.49515,-65.79811,"NB",14
"521","NB038",2015,1030372,10,47.00177,-66.272743,"NB",14
"522","NB047",2003,1077265,10,47.132881,-65.583382,"NB",14
"523","NB047",2006,1077265,10,47.132881,-65.583382,"NB",14
"524","NB038",2010,1030372,9,47.00177,-66.272743,"NB",14
"525","NB038",2013,1030372,10,47.00177,-66.272743,"NB",14
"526","NB056",2007,1077272,10,45.268333,-65.73333,"NB",14
"527","NB038",2003,1074810,10,47.00177,-66.272743,"NB",14
"528","NB034",2003,1074788,10,46.36592,-66.33281,"NB",14
"529","NB057",2004,1030089,10,45.534111,-65.517372,"NB",14
"530","NB052",2010,1030084,10,45.643917,-65.220749,"NB",14
"531","NB035",2009,1077266,10,46.480499,-66.05899,"NB",14
"532","NB043",2016,1051811,9,47.945751,-66.409889,"NB",14
"533","NB039",2015,1032147,10,47.392651,-66.396172,"NB",14
"534","NB043",2004,1077268,9,47.945751,-66.409889,"NB",14
"535","NB053",2008,1030085,10,45.627781,-65.745689,"NB",14
"536","NB039",2006,1077258,10,47.392651,-66.396172,"NB",14
"537","NB043",2007,1077268,9,47.945751,-66.409889,"NB",14
"538","NB035",2012,1077266,10,46.480499,-66.05899,"NB",14
"539","NB040",2002,1030056,10,47.58033,-65.95089,"NB",14
"540","NB057",2009,1030089,10,45.534111,-65.517372,"NB",14
"541","NB043",2002,1077268,9,47.945751,-66.409889,"NB",14
"542","NB053",2006,1030085,10,45.627781,-65.745689,"NB",14
"543","NB058",2011,1030072,10,45.919319,-64.881371,"NB",14
"544","NB044",2004,1074801,10,47.60894,-65.60253,"NB",14
"545","NB036",2006,1051832,10,46.868752,-66.026222,"NB",14
"546","NB058",2005,1030072,8,45.919319,-64.881371,"NB",14
"547","NB053",2011,1030085,10,45.627781,-65.745689,"NB",14
"548","NB041",2011,1030056,10,47.581829,-65.983437,"NB",14
"549","NB048",2006,1030092,10,46.678879,-65.726898,"NB",14
"550","NB059",2001,1074813,10,45.962311,-64.959999,"NB",14
"551","NB059",2004,1075448,10,45.962311,-64.959999,"NB",14
"552","NB059",2007,1075448,10,45.962311,-64.959999,"NB",14
"553","NB054",2007,1030073,10,45.635021,-65.799431,"NB",14
"554","NB054",2014,1030073,10,45.635021,-65.799431,"NB",14
"555","NB041",2014,1030056,10,47.581829,-65.983437,"NB",14
"556","NB041",2007,1030056,9,47.581829,-65.983437,"NB",14
"557","NB036",2013,1051832,10,46.868752,-66.026222,"NB",14
"558","NB045",2008,1051811,10,47.516628,-65.723572,"NB",14
"559","NB037",2009,1051818,10,46.82272,-66.113564,"NB",14
"560","NB054",2002,1075212,10,45.635021,-65.799431,"NB",14
"561","NB060",2005,1030404,8,46.246399,-64.928947,"NB",14
"562","NB037",2003,1051818,10,46.82272,-66.113564,"NB",14
"563","NB054",2003,1075212,10,45.635021,-65.799431,"NB",14
"564","NB037",2010,1051818,10,46.82272,-66.113564,"NB",14
"565","NB042",2016,1077271,10,47.930561,-66.790131,"NB",14
"566","NB061",2002,1030081,9,46.124191,-64.967979,"NB",14
"567","NB042",2001,1077271,10,47.930561,-66.790131,"NB",14
"568","NB055",2003,1051849,8,45.621666,-65.327972,"NB",14
"569","NB055",2001,1051849,10,45.621666,-65.327972,"NB",14
"570","NB038",2004,1074844,10,47.00177,-66.272743,"NB",14
"571","NB039",2008,1032147,10,47.392651,-66.396172,"NB",14
"572","NB039",2010,1032147,10,47.392651,-66.396172,"NB",14
"573","NB039",2011,1032147,10,47.392651,-66.396172,"NB",14
"574","NB049",2001,1074809,10,46.811917,-65.583944,"NB",14
"575","NB039",2013,1032147,10,47.392651,-66.396172,"NB",14
"576","NB039",2016,1032147,10,47.392651,-66.396172,"NB",14
"577","NB056",2010,1077272,10,45.268333,-65.73333,"NB",14
"578","NB061",2013,1030081,10,46.124191,-64.967979,"NB",14
"579","NB056",2006,1077272,10,45.268333,-65.73333,"NB",14
"580","NB041",2004,1030056,10,47.581829,-65.983437,"NB",14
"581","NB057",2016,1030089,10,45.534111,-65.517372,"NB",14
"582","NB057",2014,1030089,10,45.534111,-65.517372,"NB",14
"583","NB046",2010,1030405,10,47.003391,-65.729599,"NB",14
"584","NB051",2012,1051842,10,46.05829,-65.52256,"NB",14
"585","NB044",2006,1077303,10,47.60894,-65.60253,"NB",14
"586","NB058",2012,1030072,8,45.919319,-64.881371,"NB",14
"587","NB058",2008,1030072,10,45.919319,-64.881371,"NB",14
"588","NB062",2010,1030030,9,46.18676,-64.690002,"NB",14
"589","NB058",2006,1030072,10,45.919319,-64.881371,"NB",14
"590","NB046",2002,1074791,10,47.003391,-65.729599,"NB",14
"591","NB046",2004,1074791,10,47.003391,-65.729599,"NB",14
"592","NB059",2014,1030072,10,45.962311,-64.959999,"NB",14
"593","NB041",2006,1030056,10,47.581829,-65.983437,"NB",14
"594","NB047",2009,1030349,10,47.132881,-65.583382,"NB",14
"595","NB063",2010,1043244,10,46.535622,-64.734291,"NB",14
"596","NB041",2001,1074812,10,47.581829,-65.983437,"NB",14
"597","NB052",2008,1030084,10,45.643917,-65.220749,"NB",14
"598","NB047",2013,1030349,10,47.132881,-65.583382,"NB",14
"599","NB059",2010,1030137,10,45.962311,-64.959999,"NB",14
"600","NB045",2009,1051811,10,47.516628,-65.723572,"NB",14
"601","NB047",2005,1077265,10,47.132881,-65.583382,"NB",14
"602","NB045",2007,1051811,10,47.516628,-65.723572,"NB",14
"603","NB045",2002,1077267,10,47.516628,-65.723572,"NB",14
"604","NB047",2002,1077265,10,47.132881,-65.583382,"NB",14
"605","NB042",2003,1077271,10,47.930561,-66.790131,"NB",14
"606","NB064",2012,1030092,10,46.53506,-65.12664,"NB",14
"607","NB046",2015,1030405,10,47.003391,-65.729599,"NB",14
"608","NB048",2004,1030092,10,46.678879,-65.726898,"NB",14
"609","NB043",2009,1051811,9,47.945751,-66.409889,"NB",14
"610","NB052",2016,1030084,10,45.643917,-65.220749,"NB",14
"611","NB046",2008,1030405,10,47.003391,-65.729599,"NB",14
"612","NB050",2006,1077275,10,46.49515,-65.79811,"NB",14
"613","NB051",2003,1030642,9,46.05829,-65.52256,"NB",14
"614","NB052",2011,1030084,10,45.643917,-65.220749,"NB",14
"615","NB052",2013,1030084,10,45.643917,-65.220749,"NB",14
"616","NB043",2012,1051811,9,47.945751,-66.409889,"NB",14
"617","NB053",2002,1030085,10,45.627781,-65.745689,"NB",14
"618","NB053",2005,1030085,10,45.627781,-65.745689,"NB",14
"619","NB053",2015,1030085,9,45.627781,-65.745689,"NB",14
"620","NB052",2009,1030084,10,45.643917,-65.220749,"NB",14
"621","NB052",2002,1030084,10,45.643917,-65.220749,"NB",14
"622","NB055",2002,1051849,10,45.621666,-65.327972,"NB",14
"623","NB046",2011,1030405,10,47.003391,-65.729599,"NB",14
"624","NB061",2009,1030081,8,46.124191,-64.967979,"NB",14
"625","NB061",2011,1030081,10,46.124191,-64.967979,"NB",14
"626","NB067",2001,1074811,10,47.56281,-65.01362,"NB",14
"627","NB053",2012,1030085,10,45.627781,-65.745689,"NB",14
"628","NB053",2014,1030085,10,45.627781,-65.745689,"NB",14
"629","NB061",2010,1030081,10,46.124191,-64.967979,"NB",14
"630","NB068",2016,1051843,10,45.764889,-64.489998,"NB",14
"631","NB061",2012,1030081,10,46.124191,-64.967979,"NB",14
"632","NB054",2008,1030073,10,45.635021,-65.799431,"NB",14
"633","NB045",2003,1077267,10,47.516628,-65.723572,"NB",14
"634","NB046",2009,1030405,10,47.003391,-65.729599,"NB",14
"635","NB057",2001,1030089,10,45.534111,-65.517372,"NB",14
"636","NB068",2004,1074800,10,45.764889,-64.489998,"NB",14
"637","NB057",2003,1030089,9,45.534111,-65.517372,"NB",14
"638","NB062",2008,1030030,8,46.18676,-64.690002,"NB",14
"639","NB046",2007,1030405,10,47.003391,-65.729599,"NB",14
"640","NB046",2001,1074791,10,47.003391,-65.729599,"NB",14
"641","NB057",2010,1030089,10,45.534111,-65.517372,"NB",14
"642","NB047",2012,1030349,10,47.132881,-65.583382,"NB",14
"643","NB054",2004,1075212,10,45.635021,-65.799431,"NB",14
"644","NB062",2016,1030030,8,46.18676,-64.690002,"NB",14
"645","NB047",2001,1077265,10,47.132881,-65.583382,"NB",14
"646","NB058",2003,1030072,10,45.919319,-64.881371,"NB",14
"647","NB058",2002,1030072,10,45.919319,-64.881371,"NB",14
"648","NB055",2006,1051849,10,45.621666,-65.327972,"NB",14
"649","NB055",2004,1051849,10,45.621666,-65.327972,"NB",14
"650","NB069",2008,1013890,9,45.99474,-64.298698,"NB",14
"651","NB048",2013,1030092,10,46.678879,-65.726898,"NB",14
"652","NB048",2009,1030092,10,46.678879,-65.726898,"NB",14
"653","NB047",2004,1077265,10,47.132881,-65.583382,"NB",14
"654","NB048",2007,1030092,10,46.678879,-65.726898,"NB",14
"655","NB056",2001,1077272,10,45.268333,-65.73333,"NB",14
"656","NB059",2003,1075448,10,45.962311,-64.959999,"NB",14
"657","NB069",2011,1013890,10,45.99474,-64.298698,"NB",14
"658","NB069",2014,1013890,9,45.99474,-64.298698,"NB",14
"659","NB056",2013,1077272,10,45.268333,-65.73333,"NB",14
"660","NB048",2012,1030092,9,46.678879,-65.726898,"NB",14
"661","NB049",2015,1051839,10,46.811917,-65.583944,"NB",14
"662","NB056",2015,1077272,10,45.268333,-65.73333,"NB",14
"663","NB069",2006,1030237,10,45.99474,-64.298698,"NB",14
"664","NB063",2016,1074880,7,46.535622,-64.734291,"NB",14
"665","NB064",2006,1030092,10,46.53506,-65.12664,"NB",14
"666","NB056",2002,1077272,10,45.268333,-65.73333,"NB",14
"667","NB049",2006,1051839,10,46.811917,-65.583944,"NB",14
"668","NB061",2007,1030081,10,46.124191,-64.967979,"NB",14
"669","NB061",2003,1030081,10,46.124191,-64.967979,"NB",14
"670","NB061",2015,1030081,10,46.124191,-64.967979,"NB",14
"671","NB049",2007,1051839,10,46.811917,-65.583944,"NB",14
"672","NB049",2012,1051839,10,46.811917,-65.583944,"NB",14
"673","NB056",2009,1077272,10,45.268333,-65.73333,"NB",14
"674","NB049",2009,1051839,10,46.811917,-65.583944,"NB",14
"675","NB070",2007,1077262,10,46.170448,-64.42466,"NB",14
"676","NB061",2014,1030081,10,46.124191,-64.967979,"NB",14
"677","NB057",2015,1030089,10,45.534111,-65.517372,"NB",14
"678","NB057",2002,1030089,10,45.534111,-65.517372,"NB",14
"679","NB050",2009,1077275,10,46.49515,-65.79811,"NB",14
"680","NB065",2002,1074820,10,47.3385,-65.04225,"NB",14
"681","NB057",2011,1030089,10,45.534111,-65.517372,"NB",14
"682","NB062",2012,1030030,9,46.18676,-64.690002,"NB",14
"683","NB050",2012,1077275,10,46.49515,-65.79811,"NB",14
"684","NB065",2001,1074820,10,47.3385,-65.04225,"NB",14
"685","NB062",2001,1074794,9,46.18676,-64.690002,"NB",14
"686","NB051",2005,1030642,10,46.05829,-65.52256,"NB",14
"687","NB052",2015,1030084,10,45.643917,-65.220749,"NB",14
"688","NB071",2008,1051845,10,47.68819,-67.799957,"NB",14
"689","NB067",2003,1030405,10,47.56281,-65.01362,"NB",14
"690","NB063",2007,1030642,10,46.535622,-64.734291,"NB",14
"691","NB051",2010,1081637,10,46.05829,-65.52256,"NB",14
"692","NB058",2004,1030072,10,45.919319,-64.881371,"NB",14
"693","NB063",2003,1074784,10,46.535622,-64.734291,"NB",14
"694","NB052",2003,1030084,9,45.643917,-65.220749,"NB",14
"695","NB052",2012,1030084,10,45.643917,-65.220749,"NB",14
"696","NB071",2011,1051845,10,47.68819,-67.799957,"NB",14
"697","NB068",2014,1051843,10,45.764889,-64.489998,"NB",14
"698","NB072",2011,1030122,10,47.793999,-68.163551,"NB",14
"699","NB052",2014,1030084,10,45.643917,-65.220749,"NB",14
"700","NB052",2005,1030084,10,45.643917,-65.220749,"NB",14
"701","NB064",2011,1030092,10,46.53506,-65.12664,"NB",14
"702","NB072",2006,1030122,10,47.793999,-68.163551,"NB",14
"703","NB064",2013,1030092,9,46.53506,-65.12664,"NB",14
"704","NB052",2007,1030084,10,45.643917,-65.220749,"NB",14
"705","NB060",2009,1030404,9,46.246399,-64.928947,"NB",14
"706","NB053",2007,1030085,10,45.627781,-65.745689,"NB",14
"707","NB060",2002,1043895,10,46.246399,-64.928947,"NB",14
"708","NB073",2016,1030070,10,47.140171,-66.10675,"NB",14
"709","NB073",2002,1030070,10,47.140171,-66.10675,"NB",14
"710","NB061",2005,1030081,10,46.124191,-64.967979,"NB",14
"711","NB074",2012,1051846,9,45.37486,-66.71306,"NB",14
"712","NB075",2012,1030092,9,46.36808,-65.497643,"NB",14
"713","NB061",2008,1030081,10,46.124191,-64.967979,"NB",14
"714","NB061",2004,1030081,10,46.124191,-64.967979,"NB",14
"715","NB062",2009,1030030,7,46.18676,-64.690002,"NB",14
"716","NB062",2011,1030030,9,46.18676,-64.690002,"NB",14
"717","NB054",2011,1030073,10,45.635021,-65.799431,"NB",14
"718","NB053",2001,1030085,10,45.627781,-65.745689,"NB",14
"719","NB075",2002,1074824,10,46.36808,-65.497643,"NB",14
"720","NB053",2016,1030085,10,45.627781,-65.745689,"NB",14
"721","NB062",2013,1051842,7,46.18676,-64.690002,"NB",14
"722","NB054",2013,1030073,10,45.635021,-65.799431,"NB",14
"723","NB075",2016,1079011,8,46.36808,-65.497643,"NB",14
"724","NB053",2009,1030085,10,45.627781,-65.745689,"NB",14
"725","NB070",2015,1043244,10,46.170448,-64.42466,"NB",14
"726","NB063",2008,1030957,5,46.535622,-64.734291,"NB",14
"727","NB076",2001,1074781,10,46.018532,-65.710899,"NB",14
"728","NB053",2013,1030085,10,45.627781,-65.745689,"NB",14
"729","NB070",2003,1074818,10,46.170448,-64.42466,"NB",14
"730","NB070",2002,1074818,10,46.170448,-64.42466,"NB",14
"731","NB053",2010,1030085,10,45.627781,-65.745689,"NB",14
"732","NB070",2001,1074818,10,46.170448,-64.42466,"NB",14
"733","NB056",2004,1077272,10,45.268333,-65.73333,"NB",14
"734","NB056",2011,1077272,10,45.268333,-65.73333,"NB",14
"735","NB064",2003,1030092,10,46.53506,-65.12664,"NB",14
"736","NB078",2003,1074814,8,45.86451,-66.618958,"NB",14
"737","NB071",2012,1051845,10,47.68819,-67.799957,"NB",14
"738","NB078",2001,1074814,10,45.86451,-66.618958,"NB",14
"739","NB078",2005,1074867,10,45.86451,-66.618958,"NB",14
"740","NB054",2009,1030073,10,45.635021,-65.799431,"NB",14
"741","NB071",2001,1051845,10,47.68819,-67.799957,"NB",14
"742","NB064",2001,1074785,10,46.53506,-65.12664,"NB",14
"743","NB071",2003,1051845,9,47.68819,-67.799957,"NB",14
"744","NB054",2016,1030073,10,45.635021,-65.799431,"NB",14
"745","NB054",2001,1075212,10,45.635021,-65.799431,"NB",14
"746","NB072",2002,1030122,10,47.793999,-68.163551,"NB",14
"747","NB079",2003,1077254,10,46.315281,-67.599113,"NB",14
"748","NB058",2010,1030072,9,45.919319,-64.881371,"NB",14
"749","NB080",2015,1051847,10,45.77499,-66.089348,"NB",14
"750","NB072",2003,1030122,10,47.793999,-68.163551,"NB",14
"751","NB067",2004,1030405,10,47.56281,-65.01362,"NB",14
"752","NB072",2009,1030122,10,47.793999,-68.163551,"NB",14
"753","NB064",2004,1030092,10,46.53506,-65.12664,"NB",14
"754","NB067",2002,1074811,10,47.56281,-65.01362,"NB",14
"755","NB080",2008,1051847,10,45.77499,-66.089348,"NB",14
"756","NB068",2001,1074800,10,45.764889,-64.489998,"NB",14
"757","NB073",2007,1030070,10,47.140171,-66.10675,"NB",14
"758","NB064",2005,1030092,10,46.53506,-65.12664,"NB",14
"759","NB056",2003,1077272,10,45.268333,-65.73333,"NB",14
"760","NB056",2008,1077272,10,45.268333,-65.73333,"NB",14
"761","NB057",2006,1030089,10,45.534111,-65.517372,"NB",14
"762","NB064",2002,1075448,10,46.53506,-65.12664,"NB",14
"763","NB065",2010,1030030,10,47.3385,-65.04225,"NB",14
"764","NB057",2005,1030089,10,45.534111,-65.517372,"NB",14
"765","NB081",2003,1077270,9,45.788891,-65.496498,"NB",14
"766","NB069",2012,1013890,10,45.99474,-64.298698,"NB",14
"767","NB073",2001,1030070,10,47.140171,-66.10675,"NB",14
"768","NB075",2011,1030092,10,46.36808,-65.497643,"NB",14
"769","NB066",2002,1074844,7,47.44978,-65.014313,"NB",14
"770","NB059",2011,1030137,10,45.962311,-64.959999,"NB",14
"771","NB059",2006,1077267,10,45.962311,-64.959999,"NB",14
"772","NB069",2002,1013890,10,45.99474,-64.298698,"NB",14
"773","NB058",2001,1030072,10,45.919319,-64.881371,"NB",14
"774","NB083",2001,1074822,10,47.32552,-67.696198,"NB",14
"775","NB069",2016,1013890,10,45.99474,-64.298698,"NB",14
"776","NB069",2007,1013890,10,45.99474,-64.298698,"NB",14
"777","NB059",2009,1030137,10,45.962311,-64.959999,"NB",14
"778","NB084",2002,1077274,10,46.642231,-64.957657,"NB",14
"779","NB069",2010,1013890,9,45.99474,-64.298698,"NB",14
"780","NB076",2013,1044071,10,46.018532,-65.710899,"NB",14
"781","NB084",2006,1077274,10,46.642231,-64.957657,"NB",14
"782","NB084",2005,1077274,8,46.642231,-64.957657,"NB",14
"783","NB071",2015,1051845,10,47.68819,-67.799957,"NB",14
"784","NB059",2005,1077267,10,45.962311,-64.959999,"NB",14
"785","NB060",2004,1030404,10,46.246399,-64.928947,"NB",14
"786","NB085",2009,1077263,10,47.677151,-65.395126,"NB",14
"787","NB071",2005,1051845,10,47.68819,-67.799957,"NB",14
"788","NB070",2005,1074818,10,46.170448,-64.42466,"NB",14
"789","NB060",2007,1030404,10,46.246399,-64.928947,"NB",14
"790","NB070",2004,1074818,10,46.170448,-64.42466,"NB",14
"791","NB062",2015,1030030,9,46.18676,-64.690002,"NB",14
"792","NB079",2014,1051810,10,46.315281,-67.599113,"NB",14
"793","NB061",2006,1030081,10,46.124191,-64.967979,"NB",14
"794","NB062",2006,1077273,6,46.18676,-64.690002,"NB",14
"795","NB070",2008,1077262,9,46.170448,-64.42466,"NB",14
"796","NB072",2007,1030122,10,47.793999,-68.163551,"NB",14
"797","NB085",2006,1077263,10,47.677151,-65.395126,"NB",14
"798","NB085",2007,1077263,10,47.677151,-65.395126,"NB",14
"799","NB061",2001,1030081,9,46.124191,-64.967979,"NB",14
"800","NB062",2005,1077273,8,46.18676,-64.690002,"NB",14
"801","NB062",2004,1077273,9,46.18676,-64.690002,"NB",14
"802","NB080",2012,1051847,10,45.77499,-66.089348,"NB",14
"803","NB071",2009,1051845,10,47.68819,-67.799957,"NB",14
"804","NB080",2004,1051847,10,45.77499,-66.089348,"NB",14
"805","NB086",2011,1074868,10,47.71151,-64.852783,"NB",14
"806","NB086",2008,1077256,10,47.71151,-64.852783,"NB",14
"807","NB080",2001,1051847,10,45.77499,-66.089348,"NB",14
"808","NB086",2006,1077257,10,47.71151,-64.852783,"NB",14
"809","NB072",2005,1030122,10,47.793999,-68.163551,"NB",14
"810","NB072",2004,1030122,10,47.793999,-68.163551,"NB",14
"811","NB064",2009,1030092,8,46.53506,-65.12664,"NB",14
"812","NB072",2001,1074823,10,47.793999,-68.163551,"NB",14
"813","NB073",2014,1030070,10,47.140171,-66.10675,"NB",14
"814","NB086",2002,1077257,10,47.71151,-64.852783,"NB",14
"815","NB073",2010,1030070,10,47.140171,-66.10675,"NB",14
"816","NB063",2015,1030030,10,46.535622,-64.734291,"NB",14
"817","NB073",2005,1030070,9,47.140171,-66.10675,"NB",14
"818","NB073",2011,1030070,10,47.140171,-66.10675,"NB",14
"819","NB065",2003,1074820,10,47.3385,-65.04225,"NB",14
"820","NB063",2001,1074784,10,46.535622,-64.734291,"NB",14
"821","NB066",2001,1074821,9,47.44978,-65.014313,"NB",14
"822","NB063",2002,1074784,10,46.535622,-64.734291,"NB",14
"823","NB068",2005,1030030,10,45.764889,-64.489998,"NB",14
"824","NB083",2014,1030122,10,47.32552,-67.696198,"NB",14
"825","NB074",2013,1051846,10,45.37486,-66.71306,"NB",14
"826","NB068",2007,1051843,10,45.764889,-64.489998,"NB",14
"827","NB083",2011,1030122,10,47.32552,-67.696198,"NB",14
"828","NB074",2010,1051846,10,45.37486,-66.71306,"NB",14
"829","NB089",2001,1074802,10,45.750259,-66.407677,"NB",14
"830","NB068",2015,1051843,10,45.764889,-64.489998,"NB",14
"831","NB075",2009,1030092,10,46.36808,-65.497643,"NB",14
"832","NB064",2007,1030092,10,46.53506,-65.12664,"NB",14
"833","NB064",2008,1030092,10,46.53506,-65.12664,"NB",14
"834","NB075",2008,1030092,10,46.36808,-65.497643,"NB",14
"835","NB069",2005,1013890,10,45.99474,-64.298698,"NB",14
"836","NB069",2004,1013890,10,45.99474,-64.298698,"NB",14
"837","NB091",2002,1074871,9,45.5615,-65.00483,"NB",14
"838","NB075",2005,1074833,10,46.36808,-65.497643,"NB",14
"839","NB091",2003,1077308,9,45.5615,-65.00483,"NB",14
"840","NB069",2003,1013890,9,45.99474,-64.298698,"NB",14
"841","NB075",2015,1079011,10,46.36808,-65.497643,"NB",14
"842","NB084",2001,1077274,10,46.642231,-64.957657,"NB",14
"843","NB091",2004,1077308,10,45.5615,-65.00483,"NB",14
"844","NB075",2014,1079011,10,46.36808,-65.497643,"NB",14
"845","NB076",2003,1077253,10,46.018532,-65.710899,"NB",14
"846","NB068",2003,1074800,9,45.764889,-64.489998,"NB",14
"847","NB085",2001,1077263,10,47.677151,-65.395126,"NB",14
"848","NB092",2009,1077318,10,46.76819,-65.01597,"NB",14
"849","NB085",2005,1077263,10,47.677151,-65.395126,"NB",14
"850","NB069",2013,1013890,10,45.99474,-64.298698,"NB",14
"851","NB077",2002,1074807,10,47.39784,-65.62006,"NB",14
"852","NB078",2002,1074814,10,45.86451,-66.618958,"NB",14
"853","NB078",2015,1074876,10,45.86451,-66.618958,"NB",14
"854","NB085",2010,1077263,10,47.677151,-65.395126,"NB",14
"855","NB069",2015,1013890,7,45.99474,-64.298698,"NB",14
"856","NB069",2001,1013890,10,45.99474,-64.298698,"NB",14
"857","NB070",2006,1030030,10,46.170448,-64.42466,"NB",14
"858","NB070",2012,1043244,10,46.170448,-64.42466,"NB",14
"859","NB070",2013,1043244,10,46.170448,-64.42466,"NB",14
"860","NB096",2010,1030122,10,47.223049,-67.615608,"NB",14
"861","NB086",2001,1077257,10,47.71151,-64.852783,"NB",14
"862","NB086",2007,1077257,10,47.71151,-64.852783,"NB",14
"863","NB069",2009,1013890,10,45.99474,-64.298698,"NB",14
"864","NB079",2002,1074845,10,46.315281,-67.599113,"NB",14
"865","NB096",2012,1030122,10,47.223049,-67.615608,"NB",14
"866","NB080",2016,1051847,10,45.77499,-66.089348,"NB",14
"867","NB079",2001,1074817,10,46.315281,-67.599113,"NB",14
"868","NB096",2009,1030122,9,47.223049,-67.615608,"NB",14
"869","NB096",2007,1030122,9,47.223049,-67.615608,"NB",14
"870","NB080",2007,1051847,10,45.77499,-66.089348,"NB",14
"871","NB087",2003,1077311,10,46.70358,-67.75795,"NB",14
"872","NB096",2003,1077288,10,47.223049,-67.615608,"NB",14
"873","NB080",2005,1051847,10,45.77499,-66.089348,"NB",14
"874","NB087",2011,1081641,6,46.70358,-67.75795,"NB",14
"875","NB071",2010,1051845,10,47.68819,-67.799957,"NB",14
"876","NB088",2009,1067861,8,45.75667,-66.20631,"NB",14
"877","NB098",2005,1081632,10,46.462452,-66.796974,"NB",14
"878","NB089",2008,1067861,10,45.750259,-66.407677,"NB",14
"879","NB080",2010,1051847,10,45.77499,-66.089348,"NB",14
"880","NB071",2002,1051845,10,47.68819,-67.799957,"NB",14
"881","NB081",2013,1074779,10,45.788891,-65.496498,"NB",14
"882","NB080",2002,1051847,7,45.77499,-66.089348,"NB",14
"883","NB072",2008,1030122,10,47.793999,-68.163551,"NB",14
"884","NB080",2009,1051847,10,45.77499,-66.089348,"NB",14
"885","NB081",2012,1074870,10,45.788891,-65.496498,"NB",14
"886","NB081",2001,1077270,10,45.788891,-65.496498,"NB",14
"887","NB081",2005,1077270,10,45.788891,-65.496498,"NB",14
"888","NB073",2009,1030070,10,47.140171,-66.10675,"NB",14
"889","NB073",2004,1030070,10,47.140171,-66.10675,"NB",14
"890","NB071",2007,1051845,10,47.68819,-67.799957,"NB",14
"891","NB073",2006,1030070,10,47.140171,-66.10675,"NB",14
"892","NB082",2001,1074777,10,45.88906,-64.6543,"NB",14
"893","NB073",2015,1030070,10,47.140171,-66.10675,"NB",14
"894","NB083",2010,1030122,10,47.32552,-67.696198,"NB",14
"895","NB082",2009,1030137,9,45.88906,-64.6543,"NB",14
"896","NB071",2004,1051845,10,47.68819,-67.799957,"NB",14
"897","NB082",2005,1074777,10,45.88906,-64.6543,"NB",14
"898","NB090",2014,1067861,8,45.61082,-66.14313,"NB",14
"899","NB073",2012,1030070,10,47.140171,-66.10675,"NB",14
"900","NB082",2003,1074777,10,45.88906,-64.6543,"NB",14
"901","NB073",2008,1030070,10,47.140171,-66.10675,"NB",14
"902","NB082",2002,1074777,10,45.88906,-64.6543,"NB",14
"903","NB083",2012,1030122,10,47.32552,-67.696198,"NB",14
"904","NB083",2003,1074822,10,47.32552,-67.696198,"NB",14
"905","NB101",2011,1051811,10,47.566559,-66.788422,"NB",14
"906","NB072",2012,1030122,10,47.793999,-68.163551,"NB",14
"907","NB101",2005,1051811,10,47.566559,-66.788422,"NB",14
"908","NB091",2006,1077308,10,45.5615,-65.00483,"NB",14
"909","NB074",2002,1074804,10,45.37486,-66.71306,"NB",14
"910","NB083",2002,1074822,10,47.32552,-67.696198,"NB",14
"911","NB075",2010,1030092,10,46.36808,-65.497643,"NB",14
"912","NB092",2003,1051836,10,46.76819,-65.01597,"NB",14
"913","NB084",2007,1077274,8,46.642231,-64.957657,"NB",14
"914","NB075",2001,1074824,10,46.36808,-65.497643,"NB",14
"915","NB094",2004,1030122,10,47.494469,-68.010223,"NB",14
"916","NB075",2003,1074824,10,46.36808,-65.497643,"NB",14
"917","NB075",2004,1074824,10,46.36808,-65.497643,"NB",14
"918","NB084",2010,1081636,10,46.642231,-64.957657,"NB",14
"919","NB094",2002,1030122,10,47.494469,-68.010223,"NB",14
"920","NB094",2014,1030122,10,47.494469,-68.010223,"NB",14
"921","NB073",2003,1030070,10,47.140171,-66.10675,"NB",14
"922","NB104",2015,1044071,10,46.13641,-66.297539,"NB",14
"923","NB074",2001,1074804,10,45.37486,-66.71306,"NB",14
"924","NB104",2014,1044071,10,46.13641,-66.297539,"NB",14
"925","NB104",2013,1044071,10,46.13641,-66.297539,"NB",14
"926","NB085",2014,1077263,10,47.677151,-65.395126,"NB",14
"927","NB075",2013,1030092,10,46.36808,-65.497643,"NB",14
"928","NB105",2008,1030089,10,45.5789,-65.3004,"NB",14
"929","NB096",2004,1030122,10,47.223049,-67.615608,"NB",14
"930","NB085",2013,1077263,10,47.677151,-65.395126,"NB",14
"931","NB075",2007,1030092,10,46.36808,-65.497643,"NB",14
"932","NB085",2015,1077263,10,47.677151,-65.395126,"NB",14
"933","NB109",2010,1068003,10,45.88919,-67.51411,"NB",14
"934","NB099",2010,1030030,10,46.54771,-66.52418,"NB",14
"935","NB085",2008,1077263,10,47.677151,-65.395126,"NB",14
"936","NB076",2010,1030030,9,46.018532,-65.710899,"NB",14
"937","NB088",2006,1067861,10,45.75667,-66.20631,"NB",14
"938","NB088",2008,1067861,10,45.75667,-66.20631,"NB",14
"939","NB099",2004,1077255,10,46.54771,-66.52418,"NB",14
"940","NB076",2002,1074781,10,46.018532,-65.710899,"NB",14
"941","NB110",2003,1051827,10,45.250099,-67.157402,"NB",14
"942","NB086",2015,1074868,10,47.71151,-64.852783,"NB",14
"943","NB088",2007,1077313,10,45.75667,-66.20631,"NB",14
"944","NB101",2003,1051811,10,47.566559,-66.788422,"NB",14
"945","NB076",2005,1077253,10,46.018532,-65.710899,"NB",14
"946","NB086",2005,1077257,10,47.71151,-64.852783,"NB",14
"947","NB086",2003,1077257,10,47.71151,-64.852783,"NB",14
"948","NB110",2011,1051827,9,45.250099,-67.157402,"NB",14
"949","NB078",2010,1030030,10,45.86451,-66.618958,"NB",14
"950","NB110",2014,1051827,9,45.250099,-67.157402,"NB",14
"951","NB087",2010,1081641,10,46.70358,-67.75795,"NB",14
"952","NB091",2001,1074826,10,45.5615,-65.00483,"NB",14
"953","NB077",2001,1074807,10,47.39784,-65.62006,"NB",14
"954","NB102",2008,1051811,10,47.62822,-66.41906,"NB",14
"955","NB078",2012,1032177,10,45.86451,-66.618958,"NB",14
"956","NB078",2004,1074814,8,45.86451,-66.618958,"NB",14
"957","NB091",2007,1077308,10,45.5615,-65.00483,"NB",14
"958","NB112",2008,1067861,10,45.83202,-66.37835,"NB",14
"959","NB092",2007,1051836,10,46.76819,-65.01597,"NB",14
"960","NB113",2005,1051849,10,45.590519,-65.448608,"NB",14
"961","NB103",2003,1013845,10,46.5956,-66.191589,"NB",14
"962","NB079",2016,1051810,10,46.315281,-67.599113,"NB",14
"963","NB103",2008,1030137,10,46.5956,-66.191589,"NB",14
"964","NB079",2015,1051810,10,46.315281,-67.599113,"NB",14
"965","NB094",2010,1030122,10,47.494469,-68.010223,"NB",14
"966","NB078",2016,1074879,7,45.86451,-66.618958,"NB",14
"967","NB104",2006,1013845,10,46.13641,-66.297539,"NB",14
"968","NB094",2007,1030122,10,47.494469,-68.010223,"NB",14
"969","NB094",2008,1030122,10,47.494469,-68.010223,"NB",14
"970","NB094",2006,1030122,10,47.494469,-68.010223,"NB",14
"971","NB080",2006,1051847,10,45.77499,-66.089348,"NB",14
"972","NB080",2011,1051847,10,45.77499,-66.089348,"NB",14
"973","NB023",2019,1030368,10,46.197189,-66.927391,"NB",14
"974","NB080",2013,1051847,10,45.77499,-66.089348,"NB",14
"975","NB105",2005,1030089,10,45.5789,-65.3004,"NB",14
"976","NB089",2006,1067861,10,45.750259,-66.407677,"NB",14
"977","NB096",2015,1030122,10,47.223049,-67.615608,"NB",14
"978","NB080",2003,1051847,10,45.77499,-66.089348,"NB",14
"979","NB105",2004,1030089,10,45.5789,-65.3004,"NB",14
"980","NB109",2012,1068003,10,45.88919,-67.51411,"NB",14
"981","NB081",2007,1077270,10,45.788891,-65.496498,"NB",14
"982","NB081",2006,1077270,9,45.788891,-65.496498,"NB",14
"983","NB096",2002,1077288,10,47.223049,-67.615608,"NB",14
"984","NB097",2004,1074836,10,46.761608,-67.4328,"NB",14
"985","NB091",2005,1077308,10,45.5615,-65.00483,"NB",14
"986","NB110",2005,1051827,9,45.250099,-67.157402,"NB",14
"987","NB081",2002,1077270,10,45.788891,-65.496498,"NB",14
"988","NB099",2015,1044182,9,46.54771,-66.52418,"NB",14
"989","NB099",2002,1077255,9,46.54771,-66.52418,"NB",14
"990","NB112",2009,1067861,10,45.83202,-66.37835,"NB",14
"991","NB082",2013,1051848,10,45.88906,-64.6543,"NB",14
"992","NB083",2009,1030122,10,47.32552,-67.696198,"NB",14
"993","NB099",2005,1077255,10,46.54771,-66.52418,"NB",14
"994","NB099",2003,1077255,9,46.54771,-66.52418,"NB",14
"995","NB092",2006,1051836,10,46.76819,-65.01597,"NB",14
"996","NB092",2005,1051836,10,46.76819,-65.01597,"NB",14
"997","NB101",2016,1051811,8,47.566559,-66.788422,"NB",14
"998","NB101",2009,1051811,10,47.566559,-66.788422,"NB",14
"999","NB113",2011,1051849,10,45.590519,-65.448608,"NB",14
"1000","NB092",2004,1051836,10,46.76819,-65.01597,"NB",14
"1001","NB101",2008,1051811,10,47.566559,-66.788422,"NB",14
"1002","NB113",2008,1051849,10,45.590519,-65.448608,"NB",14
"1003","NB113",2014,1051849,10,45.590519,-65.448608,"NB",14
"1004","NB083",2007,1077288,10,47.32552,-67.696198,"NB",14
"1005","NB101",2013,1051811,10,47.566559,-66.788422,"NB",14
"1006","NB083",2008,1077288,10,47.32552,-67.696198,"NB",14
"1007","NB083",2006,1077288,10,47.32552,-67.696198,"NB",14
"1008","NB083",2005,1077288,10,47.32552,-67.696198,"NB",14
"1009","NB036",2019,1051832,10,46.868752,-66.026222,"NB",14
"1010","NB083",2004,1077288,10,47.32552,-67.696198,"NB",14
"1011","NB010",2019,1074836,10,47.144939,-67.242104,"NB",14
"1012","NB102",2016,1051811,10,47.62822,-66.41906,"NB",14
"1013","NB084",2016,1074880,9,46.642231,-64.957657,"NB",14
"1014","NB102",2004,1051811,10,47.62822,-66.41906,"NB",14
"1015","NB084",2003,1077274,9,46.642231,-64.957657,"NB",14
"1016","NB084",2004,1077274,9,46.642231,-64.957657,"NB",14
"1017","NB085",2012,1077263,10,47.677151,-65.395126,"NB",14
"1018","NB104",2012,1044071,10,46.13641,-66.297539,"NB",14
"1019","NB105",2009,1030089,10,45.5789,-65.3004,"NB",14
"1020","NB085",2002,1077263,9,47.677151,-65.395126,"NB",14
"1021","NB098",2004,1081632,10,46.462452,-66.796974,"NB",14
"1022","NB085",2003,1077263,10,47.677151,-65.395126,"NB",14
"1023","NB086",2010,1077256,10,47.71151,-64.852783,"NB",14
"1024","NB086",2009,1077256,10,47.71151,-64.852783,"NB",14
"1025","NB101",2006,1051811,10,47.566559,-66.788422,"NB",14
"1026","NB102",2012,1051811,10,47.62822,-66.41906,"NB",14
"1027","NB102",2006,1051811,10,47.62822,-66.41906,"NB",14
"1028","NB102",2005,1051811,10,47.62822,-66.41906,"NB",14
"1029","NB102",2013,1051811,10,47.62822,-66.41906,"NB",14
"1030","NB102",2003,1051811,10,47.62822,-66.41906,"NB",14
"1031","NB088",2001,1074802,10,45.75667,-66.20631,"NB",14
"1032","NB103",2009,1030137,10,46.5956,-66.191589,"NB",14
"1033","NB104",2004,1013845,10,46.13641,-66.297539,"NB",14
"1034","NB110",2002,1051827,10,45.250099,-67.157402,"NB",14
"1035","NB110",2012,1051827,10,45.250099,-67.157402,"NB",14
"1036","NB089",2007,1077313,10,45.750259,-66.407677,"NB",14
"1037","NB090",2002,1067861,10,45.61082,-66.14313,"NB",14
"1038","NB107",2002,1074881,10,47.16907,-65.8611,"NB",14
"1039","NB108",2003,1051817,10,46.681301,-67.173103,"NB",14
"1040","NB109",2008,1068003,10,45.88919,-67.51411,"NB",14
"1041","NB112",2003,1077259,10,45.83202,-66.37835,"NB",14
"1042","NB091",2010,1077308,10,45.5615,-65.00483,"NB",14
"1043","NB091",2009,1077308,10,45.5615,-65.00483,"NB",14
"1044","NB113",2009,1051849,10,45.590519,-65.448608,"NB",14
"1045","NB113",2012,1051849,10,45.590519,-65.448608,"NB",14
"1046","NB110",2004,1051827,10,45.250099,-67.157402,"NB",14
"1047","NB090",2001,1074802,10,45.61082,-66.14313,"NB",14
"1048","NB092",2001,1074778,10,46.76819,-65.01597,"NB",14
"1049","NB092",2008,1077318,10,46.76819,-65.01597,"NB",14
"1050","NB110",2013,1051827,9,45.250099,-67.157402,"NB",14
"1051","NB063",2019,1074880,10,46.535622,-64.734291,"NB",14
"1052","NB110",2015,1051827,9,45.250099,-67.157402,"NB",14
"1053","NB084",2019,1074880,7,46.642231,-64.957657,"NB",14
"1054","NB056",2019,1077272,10,45.268333,-65.73333,"NB",14
"1055","NB094",2015,1030122,10,47.494469,-68.010223,"NB",14
"1056","NB094",2012,1030122,10,47.494469,-68.010223,"NB",14
"1057","NB112",2004,1077259,10,45.83202,-66.37835,"NB",14
"1058","NB112",2006,1077259,10,45.83202,-66.37835,"NB",14
"1059","NB080",2019,1051847,10,45.77499,-66.089348,"NB",14
"1060","NB094",2005,1030122,10,47.494469,-68.010223,"NB",14
"1061","NB102",2019,1051811,10,47.62822,-66.41906,"NB",14
"1062","NB101",2019,1051811,10,47.566559,-66.788422,"NB",14
"1063","NB043",2019,1051811,9,47.945751,-66.409889,"NB",14
"1064","NB092",2011,1077318,10,46.76819,-65.01597,"NB",14
"1065","NB094",2003,1030122,10,47.494469,-68.010223,"NB",14
"1066","NB113",2015,1051849,10,45.590519,-65.448608,"NB",14
"1067","NB096",2014,1030122,10,47.223049,-67.615608,"NB",14
"1068","NB097",2019,1081919,9,46.761608,-67.4328,"NB",14
"1069","NB001",2019,1054918,10,45.449188,-67.441971,"NB",14
"1070","NB086",2019,1074868,10,47.71151,-64.852783,"NB",14
"1071","NB096",2008,1030122,10,47.223049,-67.615608,"NB",14
"1072","NB096",2006,1030122,10,47.223049,-67.615608,"NB",14
"1073","NB096",2005,1030122,10,47.223049,-67.615608,"NB",14
"1074","NB097",2002,1074836,10,46.761608,-67.4328,"NB",14
"1075","NB098",2002,1074797,10,46.462452,-66.796974,"NB",14
"1076","NB097",2005,1077311,10,46.761608,-67.4328,"NB",14
"1077","NB081",2019,1079009,10,45.788891,-65.496498,"NB",14
"1078","NB101",2012,1051811,10,47.566559,-66.788422,"NB",14
"1079","NB099",2006,1077255,9,46.54771,-66.52418,"NB",14
"1080","NB101",2007,1051811,10,47.566559,-66.788422,"NB",14
"1081","NB101",2004,1051811,10,47.566559,-66.788422,"NB",14
"1082","NB102",2015,1051811,10,47.62822,-66.41906,"NB",14
"1083","NB104",2005,1013845,10,46.13641,-66.297539,"NB",14
"1084","NB104",2016,1044071,10,46.13641,-66.297539,"NB",14
"1085","NB103",2002,1013845,10,46.5956,-66.191589,"NB",14
"1086","NB103",2011,1030137,9,46.5956,-66.191589,"NB",14
"1087","NB105",2016,1030089,10,45.5789,-65.3004,"NB",14
"1088","NB105",2006,1030089,10,45.5789,-65.3004,"NB",14
"1089","NB109",2009,1068003,9,45.88919,-67.51411,"NB",14
"1090","NB109",2003,1074786,10,45.88919,-67.51411,"NB",14
"1091","NB108",2005,1051817,10,46.681301,-67.173103,"NB",14
"1092","NB110",2006,1051827,10,45.250099,-67.157402,"NB",14
"1093","NB108",2002,1051817,10,46.681301,-67.173103,"NB",14
"1094","NB110",2007,1051827,10,45.250099,-67.157402,"NB",14
"1095","NB110",2008,1051827,9,45.250099,-67.157402,"NB",14
"1096","NB109",2007,1068003,9,45.88919,-67.51411,"NB",14
"1097","NB109",2006,1068003,10,45.88919,-67.51411,"NB",14
"1098","NB109",2002,1074786,10,45.88919,-67.51411,"NB",14
"1099","NB110",2010,1051827,10,45.250099,-67.157402,"NB",14
"1100","NB110",2016,1051827,9,45.250099,-67.157402,"NB",14
"1101","NB112",2007,1077313,10,45.83202,-66.37835,"NB",14
"1102","NB113",2007,1051849,10,45.590519,-65.448608,"NB",14
"1103","NB113",2013,1051849,10,45.590519,-65.448608,"NB",14
"1104","NB110",2009,1051827,10,45.250099,-67.157402,"NB",14
"1105","NB112",2014,1067861,10,45.83202,-66.37835,"NB",14
"1106","NB113",2010,1051849,9,45.590519,-65.448608,"NB",14
"1107","NB027",2019,1051826,10,45.437832,-66.781418,"NB",14
"1108","NB008",2019,1074874,10,46.51086,-67.346329,"NB",14
"1109","NB075",2019,1079011,10,46.36808,-65.497643,"NB",14
"1110","NB113",2019,1030060,10,45.590519,-65.448608,"NB",14
"1111","NB086",2018,1074868,10,47.71151,-64.852783,"NB",14
