Grid_ID,RouteIdentifier,survey_year,CollectorNumber,nstop
23,NB054,2017,1030073,10
15,NB002,2017,1068489,9
100,NB041,2017,1030056,9
101,NB017,2017,1030056,10
91,NB039,2017,1032147,10
78,NB073,2017,1030070,10
76,NB046,2017,1030405,10
74,NB009,2017,1030122,10
84,NB094,2017,1030122,10
74,NB096,2017,1030122,10
86,NB083,2017,1030122,10
18,NB031,2017,1051830,9
22,NB052,2017,1030370,10
26,NB030,2017,1051830,9
7,NB029,2017,1074875,10
78,NB038,2017,1030372,10
23,NB053,2017,1030085,10
38,NB060,2017,1077609,9
43,NB023,2017,1030368,10
34,NB080,2017,1051847,10
97,NB085,2016,1077263,10
22,NB113,2017,1051849,10
22,NB113,2016,1051849,10
38,NB061,2016,1030081,10
15,NB001,2017,1054918,10
33,NB003,2017,1074890,8
113,NB043,2017,1051811,10
102,NB102,2017,1051811,10
101,NB101,2017,1051811,10
15,NB110,2017,1051827,9
11,NB028,2017,1051827,9
34,NB033,2017,1030374,10
37,NB070,2017,1051844,9
240,NB070,2017,1051844,9
50,NB006,2017,1074874,10
49,NB079,2017,1051810,10
69,NB036,2017,1051832,10
56,NB063,2017,1074880,9
16,NB056,2017,1077272,10
38,NB062,2017,1030030,10
42,NB076,2017,1079011,10
30,NB081,2017,1079009,10
56,NB084,2017,1074880,9
88,NB045,2017,1051811,9
28,NB069,2017,1030041,10
234,NB069,2017,1030041,10
28,NB068,2017,1051843,10
234,NB068,2017,1051843,10
74,NB009,2018,1030122,10
48,NB075,2018,1079011,10
59,NB008,2018,1074874,10
37,NB070,2018,1051844,10
240,NB070,2018,1051844,10
23,NB054,2018,1030073,10
69,NB037,2018,1030372,10
78,NB073,2018,1030070,10
28,NB069,2018,1030051,10
234,NB069,2018,1030051,10
100,NB041,2018,1030056,10
91,NB039,2018,1032147,10
69,NB036,2018,1051832,10
34,NB080,2018,1051847,10
43,NB023,2018,1030368,10
11,NB028,2018,1051827,7
16,NB056,2018,1046609,10
56,NB063,2018,1074880,10
76,NB046,2018,1030405,10
84,NB094,2018,1030122,10
74,NB096,2018,1030122,10
44,NB104,2017,1044071,10
78,NB038,2018,1030372,10
221,NS015,2018,1048652,6
15,NB001,2018,1054918,10
25,NB025,2018,1030464,10
97,NB085,2018,1077263,10
101,NB101,2018,1051811,10
113,NB043,2018,1077268,10
102,NB102,2018,1051811,10
30,NB081,2018,1079009,10
38,NB061,2018,1030081,10
26,NB030,2018,1051830,10
18,NB031,2018,1051830,10
22,NB113,2018,1030060,10
44,NB104,2018,1044071,10
23,NB057,2017,1030089,10
23,NB053,2018,1030085,10
86,NB083,2018,1030122,10
35,NB026,2018,1079129,3
34,NB033,2018,1081240,10
50,NB006,2019,1078366,10
37,NB070,2019,1043244,10
240,NB070,2019,1043244,10
101,NB017,2019,1030056,10
100,NB041,2019,1030056,10
32,NB054,2019,1081148,10
38,NB060,2019,1081183,10
35,NB026,2019,1079129,10
22,NB052,2019,1030370,9
96,NB013,2019,1081262,10
34,NB033,2019,1081240,8
11,NB028,2019,1051827,10
74,NB009,2019,1030122,10
78,NB073,2019,1030070,10
28,NB068,2019,1051843,7
234,NB068,2019,1051843,7
28,NB068,2018,1051843,8
234,NB068,2018,1051843,8
91,NB039,2019,1032147,10
76,NB046,2019,1030405,10
69,NB037,2019,1030372,10
38,NB062,2019,1053423,8
38,NB061,2019,1032461,10
35,NB078,2019,1081351,10
78,NB038,2019,1030372,10
7,NB029,2019,1081392,9
26,NB030,2019,1051830,10
74,NB096,2019,1030122,10
28,NB069,2019,1030051,10
234,NB069,2019,1030051,10
15,NB001,2003,1030403,8
15,NB001,2010,1030403,10
15,NB001,2002,1030403,10
15,NB001,2011,1030403,10
15,NB001,2005,1030403,10
15,NB001,2008,1030403,10
15,NB001,2009,1030403,9
15,NB001,2006,1030403,10
15,NB001,2007,1030403,10
15,NB001,2013,1032146,10
15,NB001,2012,1032146,10
15,NB001,2015,1054918,10
15,NB002,2001,1051827,10
15,NB002,2002,1074834,10
15,NB002,2016,1074873,10
15,NB002,2003,1077261,10
15,NB002,2011,1077261,9
15,NB002,2013,1077261,10
15,NB002,2005,1077261,10
15,NB002,2009,1077261,10
15,NB002,2014,1077261,10
15,NB002,2015,1077269,10
33,NB003,2002,1074861,10
33,NB003,2013,1074890,10
33,NB003,2015,1074890,10
33,NB003,2016,1074890,8
33,NB003,2007,1077307,10
33,NB003,2005,1077307,10
24,NB004,2008,1030390,10
24,NB004,2015,1030390,10
24,NB004,2014,1030390,10
24,NB004,2001,1030390,10
24,NB004,2009,1030390,10
24,NB004,2004,1030390,10
24,NB004,2011,1030390,10
24,NB004,2016,1030390,10
24,NB004,2013,1030390,6
24,NB004,2002,1030390,10
24,NB004,2010,1030390,10
24,NB004,2007,1030390,10
24,NB004,2005,1030390,10
50,NB005,2009,1075571,10
50,NB005,2011,1075571,10
50,NB005,2010,1075571,10
50,NB005,2005,1075571,10
50,NB005,2006,1075571,10
50,NB005,2003,1075571,10
50,NB005,2002,1075571,10
50,NB005,2001,1075571,10
50,NB005,2004,1075571,10
50,NB006,2001,1074819,10
50,NB006,2016,1074874,10
50,NB006,2014,1074874,10
50,NB006,2015,1074874,10
50,NB006,2013,1074898,10
50,NB006,2002,1075571,10
50,NB006,2003,1075571,10
50,NB006,2011,1075571,10
50,NB006,2004,1075571,10
50,NB006,2005,1075571,10
50,NB006,2009,1075571,10
50,NB006,2007,1075571,10
50,NB006,2010,1075571,10
57,NB007,2001,1074776,10
57,NB007,2003,1074776,10
57,NB007,2002,1074776,10
57,NB007,2006,1077302,10
59,NB008,2012,1074897,10
59,NB008,2010,1077285,10
59,NB008,2001,1077285,9
59,NB008,2009,1077285,9
59,NB008,2002,1077285,10
59,NB008,2007,1077285,9
59,NB008,2006,1077285,9
59,NB008,2005,1077285,10
59,NB008,2003,1077285,8
74,NB009,2002,1030122,10
74,NB009,2003,1030122,10
74,NB009,2008,1030122,10
74,NB009,2005,1030122,10
74,NB009,2006,1030122,10
74,NB009,2007,1030122,9
74,NB009,2012,1030122,10
74,NB009,2011,1030122,10
74,NB009,2015,1030122,10
74,NB009,2010,1030122,10
74,NB009,2009,1030122,10
74,NB009,2014,1030122,10
77,NB010,2010,1030030,7
77,NB010,2001,1074815,10
77,NB010,2004,1074836,10
99,NB011,2009,1051811,10
99,NB011,2008,1051811,10
99,NB011,2007,1051811,10
99,NB011,2006,1051811,10
99,NB011,2005,1051811,10
99,NB011,2016,1051811,7
99,NB011,2004,1051811,10
99,NB011,2002,1051811,10
99,NB011,2012,1051811,10
99,NB011,2001,1051811,10
99,NB011,2011,1051811,10
99,NB011,2003,1051811,10
99,NB012,2002,1030122,10
99,NB012,2004,1030122,10
99,NB012,2003,1030122,10
96,NB013,2003,1030122,9
96,NB013,2004,1030122,8
96,NB013,2005,1030122,7
96,NB013,2006,1030122,9
96,NB013,2011,1030122,10
96,NB013,2009,1030122,10
96,NB013,2002,1074835,9
84,NB014,2003,1030122,10
84,NB014,2004,1030122,8
84,NB014,2001,1074783,9
84,NB014,2002,1074823,9
84,NB014,2005,1074863,8
114,NB015,2002,1074808,10
114,NB015,2001,1074808,10
114,NB015,2008,1077271,10
114,NB015,2006,1077271,10
114,NB015,2010,1077271,10
114,NB015,2005,1077271,10
114,NB015,2007,1077271,10
114,NB015,2016,1077271,7
90,NB016,2013,1051811,9
90,NB016,2007,1051811,10
90,NB016,2006,1051811,10
90,NB016,2005,1051811,10
90,NB016,2001,1077273,10
101,NB017,2010,1030030,10
101,NB017,2015,1030056,10
101,NB017,2012,1030056,9
101,NB017,2014,1030056,9
101,NB017,2011,1030056,10
101,NB017,2016,1030056,9
101,NB017,2013,1030056,10
101,NB017,2001,1074795,10
101,NB017,2004,1074795,10
101,NB017,2003,1074795,10
70,NB018,2005,1051817,10
70,NB018,2003,1051817,10
70,NB018,2004,1051817,10
70,NB018,2001,1074816,10
69,NB019,2002,1074806,10
69,NB019,2001,1074806,10
62,NB020,2010,1051817,9
62,NB020,2009,1051817,9
62,NB020,2011,1051817,8
62,NB020,2008,1051817,9
62,NB020,2006,1051817,9
62,NB020,2005,1051817,9
62,NB020,2004,1051817,9
62,NB020,2003,1051817,9
62,NB020,2013,1051817,9
62,NB020,2007,1051817,9
62,NB020,2001,1074799,9
62,NB020,2002,1074837,9
70,NB021,2001,1051818,10
70,NB021,2009,1051818,10
70,NB021,2007,1051818,10
70,NB021,2006,1051818,10
70,NB021,2005,1051818,10
70,NB021,2012,1051818,10
70,NB021,2003,1051818,10
70,NB021,2010,1051818,10
70,NB021,2008,1051818,10
43,NB022,2006,1030387,10
43,NB022,2010,1030387,10
43,NB022,2008,1030387,10
43,NB022,2001,1030387,10
43,NB022,2009,1030387,10
43,NB022,2002,1030387,10
43,NB022,2003,1030387,10
43,NB022,2005,1030387,10
43,NB022,2012,1030387,10
43,NB022,2011,1030387,10
43,NB022,2004,1030387,10
43,NB022,2013,1032674,10
43,NB022,2014,1032674,10
43,NB023,2016,1030368,10
43,NB023,2001,1030368,10
43,NB023,2002,1030368,10
43,NB023,2003,1030368,10
43,NB023,2004,1030368,10
43,NB023,2005,1030368,10
43,NB023,2006,1030368,10
43,NB023,2007,1030368,10
43,NB023,2015,1030368,10
43,NB023,2009,1030368,10
43,NB023,2008,1030368,10
43,NB023,2013,1030368,10
43,NB023,2012,1030368,7
43,NB023,2011,1030368,7
43,NB023,2010,1030368,10
43,NB023,2014,1030368,10
33,NB024,2004,1051822,10
33,NB024,2001,1051822,10
33,NB024,2002,1051822,9
33,NB024,2003,1051822,9
33,NB024,2012,1051822,9
33,NB024,2010,1051822,10
33,NB024,2005,1051822,9
33,NB024,2008,1051822,10
33,NB024,2006,1051822,10
33,NB024,2007,1051822,9
33,NB024,2009,1051822,9
25,NB025,2014,1030464,10
25,NB025,2001,1030464,10
25,NB025,2005,1030464,10
25,NB025,2003,1030464,10
25,NB025,2013,1030464,10
25,NB025,2007,1030464,10
25,NB025,2010,1030464,10
25,NB025,2006,1030464,10
25,NB025,2016,1030464,10
35,NB026,2010,1030642,10
35,NB026,2009,1030642,10
35,NB026,2001,1074825,10
35,NB026,2015,1074876,8
35,NB026,2012,1074889,7
35,NB026,2005,1077301,10
35,NB026,2006,1077301,10
17,NB027,2010,1051826,10
17,NB027,2005,1051826,10
17,NB027,2006,1051826,10
17,NB027,2007,1051826,10
17,NB027,2016,1051826,10
17,NB027,2009,1051826,10
17,NB027,2011,1051826,10
17,NB027,2013,1051826,10
17,NB027,2015,1051826,10
17,NB027,2014,1051826,10
17,NB027,2008,1051826,10
17,NB027,2003,1074774,10
11,NB028,2011,1051827,10
11,NB028,2007,1051827,8
11,NB028,2006,1051827,9
11,NB028,2005,1051827,10
11,NB028,2009,1051827,9
11,NB028,2008,1051827,9
11,NB028,2014,1051827,9
11,NB028,2013,1051827,10
11,NB028,2012,1051827,9
11,NB028,2010,1051827,10
11,NB028,2016,1051827,9
11,NB028,2015,1051827,9
11,NB028,2001,1075308,10
11,NB028,2002,1075308,9
11,NB028,2003,1075308,10
7,NB029,2014,1045459,10
7,NB029,2016,1074875,10
7,NB029,2006,1077305,10
7,NB029,2004,1077305,10
7,NB029,2005,1077305,9
7,NB029,2010,1081633,10
26,NB030,2016,1051830,10
26,NB030,2015,1051830,10
26,NB030,2008,1075212,10
26,NB030,2007,1075212,10
26,NB030,2002,1077260,10
26,NB030,2006,1077260,10
26,NB030,2003,1077260,10
26,NB030,2001,1077260,10
26,NB030,2004,1077260,10
26,NB030,2005,1077260,10
18,NB031,2006,1030067,10
18,NB031,2001,1030067,10
18,NB031,2007,1030067,10
18,NB031,2003,1030067,9
18,NB031,2002,1030067,10
18,NB031,2015,1051830,10
18,NB031,2016,1051830,10
18,NB031,2014,1051830,10
18,NB031,2013,1051830,9
18,NB031,2012,1051830,10
26,NB032,2007,1077269,9
26,NB032,2003,1077269,10
26,NB032,2004,1077269,10
26,NB032,2005,1077269,10
26,NB032,2009,1077269,10
26,NB032,2006,1077269,10
26,NB032,2010,1077269,10
26,NB032,2002,1077269,10
26,NB032,2001,1077269,10
26,NB032,2012,1077269,10
34,NB033,2013,1030374,10
34,NB033,2011,1030374,10
34,NB033,2009,1030374,10
34,NB033,2010,1030374,10
34,NB033,2015,1030374,10
34,NB033,2014,1030374,10
34,NB033,2012,1030374,10
34,NB033,2016,1030374,10
34,NB033,2001,1074782,10
34,NB033,2002,1074911,10
34,NB033,2004,1074911,10
34,NB033,2006,1074911,10
34,NB033,2008,1074911,10
52,NB034,2002,1074788,10
52,NB034,2001,1074788,9
52,NB034,2003,1074788,10
52,NB035,2009,1077266,10
52,NB035,2014,1077266,10
52,NB035,2010,1077266,10
52,NB035,2007,1077266,10
52,NB035,2006,1077266,9
52,NB035,2005,1077266,10
52,NB035,2001,1077266,9
52,NB035,2002,1077266,10
52,NB035,2011,1077266,10
52,NB035,2003,1077266,9
52,NB035,2012,1077266,10
52,NB035,2013,1077266,10
52,NB035,2008,1077266,10
52,NB035,2004,1077266,9
69,NB036,2002,1051832,10
69,NB036,2008,1051832,10
69,NB036,2006,1051832,10
69,NB036,2005,1051832,10
69,NB036,2004,1051832,10
69,NB036,2003,1051832,10
69,NB036,2007,1051832,10
69,NB036,2011,1051832,10
69,NB036,2015,1051832,10
69,NB036,2014,1051832,10
69,NB036,2009,1051832,10
69,NB036,2013,1051832,10
69,NB036,2012,1051832,10
69,NB036,2010,1051832,10
69,NB036,2001,1051832,10
69,NB036,2016,1051832,10
69,NB037,2009,1051818,10
69,NB037,2012,1051818,10
69,NB037,2003,1051818,10
69,NB037,2006,1051818,10
69,NB037,2007,1051818,10
69,NB037,2001,1051818,10
69,NB037,2002,1051818,10
69,NB037,2010,1051818,10
78,NB038,2016,1030372,10
78,NB038,2015,1030372,10
78,NB038,2010,1030372,9
78,NB038,2013,1030372,10
78,NB038,2011,1030372,10
78,NB038,2009,1030372,10
78,NB038,2012,1030372,10
78,NB038,2001,1074810,10
78,NB038,2003,1074810,10
78,NB038,2004,1074844,10
91,NB039,2008,1032147,10
91,NB039,2010,1032147,10
91,NB039,2014,1032147,10
91,NB039,2009,1032147,10
91,NB039,2011,1032147,10
91,NB039,2013,1032147,10
91,NB039,2015,1032147,10
91,NB039,2016,1032147,10
91,NB039,2001,1074805,10
91,NB039,2002,1074841,10
91,NB039,2006,1077258,10
91,NB039,2005,1077258,10
91,NB039,2004,1077258,10
91,NB039,2003,1077258,10
100,NB040,2002,1030056,10
100,NB040,2005,1074803,10
100,NB040,2003,1074803,10
100,NB040,2004,1074803,10
100,NB041,2008,1030056,10
100,NB041,2012,1030056,10
100,NB041,2009,1030056,9
100,NB041,2004,1030056,10
100,NB041,2002,1030056,10
100,NB041,2010,1030056,10
100,NB041,2016,1030056,10
100,NB041,2011,1030056,10
100,NB041,2003,1030056,10
100,NB041,2015,1030056,10
100,NB041,2013,1030056,10
100,NB041,2014,1030056,10
100,NB041,2005,1030056,10
100,NB041,2006,1030056,10
100,NB041,2007,1030056,9
100,NB041,2001,1074812,10
114,NB042,2008,1077271,10
114,NB042,2012,1077271,10
114,NB042,2010,1077271,10
114,NB042,2002,1077271,10
114,NB042,2016,1077271,10
114,NB042,2003,1077271,10
114,NB042,2004,1077271,10
114,NB042,2006,1077271,10
114,NB042,2007,1077271,10
114,NB042,2001,1077271,10
113,NB043,2011,1051811,9
113,NB043,2015,1051811,9
113,NB043,2008,1051811,9
113,NB043,2009,1051811,9
113,NB043,2016,1051811,9
113,NB043,2013,1051811,9
113,NB043,2012,1051811,9
113,NB043,2004,1077268,9
113,NB043,2007,1077268,9
113,NB043,2005,1077268,8
113,NB043,2003,1077268,8
113,NB043,2006,1077268,9
113,NB043,2001,1077268,9
113,NB043,2002,1077268,9
100,NB044,2001,1074801,9
100,NB044,2004,1074801,10
100,NB044,2003,1074801,10
100,NB044,2005,1077303,10
100,NB044,2006,1077303,10
100,NB044,2007,1077303,10
100,NB044,2008,1077303,6
100,NB045,2013,1051811,10
100,NB045,2011,1051811,10
100,NB045,2008,1051811,10
100,NB045,2009,1051811,10
100,NB045,2007,1051811,10
100,NB045,2002,1077267,10
100,NB045,2003,1077267,10
100,NB045,2001,1077267,10
76,NB046,2016,1030405,10
76,NB046,2006,1030405,10
76,NB046,2015,1030405,10
76,NB046,2008,1030405,10
76,NB046,2009,1030405,10
76,NB046,2011,1030405,10
76,NB046,2014,1030405,10
76,NB046,2013,1030405,10
76,NB046,2010,1030405,10
76,NB046,2005,1030405,10
76,NB046,2007,1030405,10
76,NB046,2001,1074791,10
76,NB046,2002,1074791,10
76,NB046,2003,1074791,10
76,NB046,2004,1074791,10
76,NB047,2008,1030070,10
76,NB047,2009,1030349,10
76,NB047,2013,1030349,10
76,NB047,2010,1030349,10
76,NB047,2012,1030349,10
76,NB047,2003,1077265,10
76,NB047,2006,1077265,10
76,NB047,2001,1077265,10
76,NB047,2005,1077265,10
76,NB047,2004,1077265,10
76,NB047,2002,1077265,10
60,NB048,2010,1030092,5
60,NB048,2013,1030092,10
60,NB048,2007,1030092,10
60,NB048,2009,1030092,10
60,NB048,2012,1030092,9
60,NB048,2006,1030092,10
60,NB048,2005,1030092,9
60,NB048,2004,1030092,10
60,NB048,2003,1030092,10
67,NB049,2012,1051839,10
67,NB049,2015,1051839,10
67,NB049,2009,1051839,10
67,NB049,2006,1051839,10
67,NB049,2007,1051839,10
67,NB049,2010,1051839,10
67,NB049,2008,1051839,10
67,NB049,2001,1074809,10
67,NB049,2002,1074809,10
51,NB050,2001,1077275,10
51,NB050,2002,1077275,10
51,NB050,2009,1077275,10
51,NB050,2007,1077275,10
51,NB050,2006,1077275,10
51,NB050,2005,1077275,10
51,NB050,2004,1077275,10
51,NB050,2003,1077275,10
51,NB050,2010,1077275,8
51,NB050,2012,1077275,10
42,NB051,2005,1030642,10
42,NB051,2003,1030642,9
42,NB051,2004,1030642,10
42,NB051,2013,1051842,10
42,NB051,2012,1051842,10
42,NB051,2010,1081637,10
22,NB052,2015,1030084,10
22,NB052,2003,1030084,9
22,NB052,2001,1030084,9
22,NB052,2008,1030084,10
22,NB052,2012,1030084,10
22,NB052,2011,1030084,10
22,NB052,2014,1030084,10
22,NB052,2005,1030084,10
22,NB052,2007,1030084,10
22,NB052,2010,1030084,10
22,NB052,2016,1030084,10
22,NB052,2009,1030084,10
22,NB052,2013,1030084,10
22,NB052,2002,1030084,10
23,NB053,2001,1030085,10
23,NB053,2008,1030085,10
23,NB053,2007,1030085,10
23,NB053,2016,1030085,10
23,NB053,2004,1030085,10
23,NB053,2002,1030085,10
23,NB053,2005,1030085,10
23,NB053,2003,1030085,10
23,NB053,2009,1030085,10
23,NB053,2006,1030085,10
23,NB053,2013,1030085,10
23,NB053,2010,1030085,10
23,NB053,2011,1030085,10
23,NB053,2012,1030085,10
23,NB053,2015,1030085,9
23,NB053,2014,1030085,10
23,NB054,2012,1030073,10
23,NB054,2007,1030073,10
23,NB054,2014,1030073,10
23,NB054,2011,1030073,10
23,NB054,2009,1030073,10
23,NB054,2008,1030073,10
23,NB054,2016,1030073,10
23,NB054,2013,1030073,10
23,NB054,2002,1075212,10
23,NB054,2001,1075212,10
23,NB054,2003,1075212,10
23,NB054,2004,1075212,10
23,NB054,2005,1075212,10
22,NB055,2006,1051849,10
22,NB055,2004,1051849,10
22,NB055,2003,1051849,8
22,NB055,2002,1051849,10
22,NB055,2001,1051849,10
16,NB056,2012,1077272,10
16,NB056,2001,1077272,10
16,NB056,2005,1077272,10
16,NB056,2013,1077272,10
16,NB056,2015,1077272,10
16,NB056,2010,1077272,10
16,NB056,2004,1077272,10
16,NB056,2011,1077272,10
16,NB056,2006,1077272,10
16,NB056,2007,1077272,10
16,NB056,2002,1077272,10
16,NB056,2009,1077272,10
16,NB056,2003,1077272,10
16,NB056,2008,1077272,10
23,NB057,2016,1030089,10
23,NB057,2015,1030089,10
23,NB057,2004,1030089,10
23,NB057,2002,1030089,10
23,NB057,2001,1030089,10
23,NB057,2003,1030089,9
23,NB057,2006,1030089,10
23,NB057,2014,1030089,10
23,NB057,2010,1030089,10
23,NB057,2005,1030089,10
23,NB057,2011,1030089,10
23,NB057,2009,1030089,10
29,NB058,2011,1030072,10
29,NB058,2010,1030072,9
29,NB058,2012,1030072,8
29,NB058,2008,1030072,10
29,NB058,2006,1030072,10
29,NB058,2005,1030072,8
29,NB058,2004,1030072,10
29,NB058,2003,1030072,10
29,NB058,2002,1030072,10
29,NB058,2001,1030072,10
29,NB059,2014,1030072,10
29,NB059,2010,1030137,10
29,NB059,2009,1030137,10
29,NB059,2011,1030137,10
29,NB059,2001,1074813,10
29,NB059,2003,1075448,10
29,NB059,2004,1075448,10
29,NB059,2007,1075448,10
29,NB059,2006,1077267,10
29,NB059,2005,1077267,10
38,NB060,2004,1030404,10
38,NB060,2007,1030404,10
38,NB060,2009,1030404,9
38,NB060,2005,1030404,8
38,NB060,2002,1043895,10
38,NB061,2002,1030081,9
38,NB061,2009,1030081,8
38,NB061,2011,1030081,10
38,NB061,2007,1030081,10
38,NB061,2006,1030081,10
38,NB061,2005,1030081,10
38,NB061,2003,1030081,10
38,NB061,2001,1030081,9
38,NB061,2015,1030081,10
38,NB061,2010,1030081,10
38,NB061,2012,1030081,10
38,NB061,2013,1030081,10
38,NB061,2014,1030081,10
38,NB061,2008,1030081,10
38,NB061,2004,1030081,10
38,NB062,2009,1030030,7
38,NB062,2011,1030030,9
38,NB062,2008,1030030,8
38,NB062,2015,1030030,9
38,NB062,2016,1030030,8
38,NB062,2012,1030030,9
38,NB062,2010,1030030,9
38,NB062,2013,1051842,7
38,NB062,2001,1074794,9
38,NB062,2006,1077273,6
38,NB062,2005,1077273,8
38,NB062,2004,1077273,9
56,NB063,2015,1030030,10
56,NB063,2007,1030642,10
56,NB063,2008,1030957,5
56,NB063,2010,1043244,10
56,NB063,2003,1074784,10
56,NB063,2001,1074784,10
56,NB063,2002,1074784,10
56,NB063,2016,1074880,7
58,NB064,2006,1030092,10
58,NB064,2011,1030092,10
58,NB064,2013,1030092,9
58,NB064,2012,1030092,10
58,NB064,2003,1030092,10
58,NB064,2004,1030092,10
58,NB064,2009,1030092,8
58,NB064,2007,1030092,10
58,NB064,2008,1030092,10
58,NB064,2005,1030092,10
58,NB064,2001,1074785,10
58,NB064,2002,1075448,10
87,NB065,2010,1030030,10
87,NB065,2002,1074820,10
87,NB065,2001,1074820,10
87,NB065,2003,1074820,10
87,NB066,2001,1074821,9
87,NB066,2002,1074844,7
97,NB067,2004,1030405,10
97,NB067,2003,1030405,10
97,NB067,2001,1074811,10
97,NB067,2002,1074811,10
28,NB068,2005,1030030,10
234,NB068,2005,1030030,10
28,NB068,2007,1051843,10
234,NB068,2007,1051843,10
28,NB068,2015,1051843,10
234,NB068,2015,1051843,10
28,NB068,2014,1051843,10
234,NB068,2014,1051843,10
28,NB068,2016,1051843,10
234,NB068,2016,1051843,10
28,NB068,2001,1074800,10
234,NB068,2001,1074800,10
28,NB068,2004,1074800,10
234,NB068,2004,1074800,10
28,NB068,2003,1074800,9
234,NB068,2003,1074800,9
28,NB069,2005,1013890,10
234,NB069,2005,1013890,10
28,NB069,2004,1013890,10
234,NB069,2004,1013890,10
28,NB069,2003,1013890,9
234,NB069,2003,1013890,9
28,NB069,2002,1013890,10
234,NB069,2002,1013890,10
28,NB069,2012,1013890,10
234,NB069,2012,1013890,10
28,NB069,2015,1013890,7
234,NB069,2015,1013890,7
28,NB069,2016,1013890,10
234,NB069,2016,1013890,10
28,NB069,2001,1013890,10
234,NB069,2001,1013890,10
28,NB069,2013,1013890,10
234,NB069,2013,1013890,10
28,NB069,2007,1013890,10
234,NB069,2007,1013890,10
28,NB069,2009,1013890,10
234,NB069,2009,1013890,10
28,NB069,2008,1013890,9
234,NB069,2008,1013890,9
28,NB069,2011,1013890,10
234,NB069,2011,1013890,10
28,NB069,2010,1013890,9
234,NB069,2010,1013890,9
28,NB069,2014,1013890,9
234,NB069,2014,1013890,9
28,NB069,2006,1030237,10
234,NB069,2006,1030237,10
37,NB070,2006,1030030,10
240,NB070,2006,1030030,10
37,NB070,2012,1043244,10
240,NB070,2012,1043244,10
37,NB070,2015,1043244,10
240,NB070,2015,1043244,10
37,NB070,2013,1043244,10
240,NB070,2013,1043244,10
37,NB070,2005,1074818,10
240,NB070,2005,1074818,10
37,NB070,2004,1074818,10
240,NB070,2004,1074818,10
37,NB070,2003,1074818,10
240,NB070,2003,1074818,10
37,NB070,2002,1074818,10
240,NB070,2002,1074818,10
37,NB070,2001,1074818,10
240,NB070,2001,1074818,10
37,NB070,2007,1077262,10
240,NB070,2007,1077262,10
37,NB070,2008,1077262,9
240,NB070,2008,1077262,9
98,NB071,2015,1051845,10
98,NB071,2010,1051845,10
98,NB071,2012,1051845,10
98,NB071,2007,1051845,10
98,NB071,2005,1051845,10
98,NB071,2009,1051845,10
98,NB071,2008,1051845,10
98,NB071,2011,1051845,10
98,NB071,2001,1051845,10
98,NB071,2004,1051845,10
98,NB071,2003,1051845,9
98,NB071,2002,1051845,10
108,NB072,2002,1030122,10
108,NB072,2011,1030122,10
108,NB072,2007,1030122,10
108,NB072,2006,1030122,10
108,NB072,2005,1030122,10
108,NB072,2012,1030122,10
108,NB072,2003,1030122,10
108,NB072,2009,1030122,10
108,NB072,2008,1030122,10
108,NB072,2004,1030122,10
108,NB072,2001,1074823,10
78,NB073,2014,1030070,10
78,NB073,2010,1030070,10
78,NB073,2009,1030070,10
78,NB073,2004,1030070,10
78,NB073,2007,1030070,10
78,NB073,2006,1030070,10
78,NB073,2015,1030070,10
78,NB073,2005,1030070,9
78,NB073,2016,1030070,10
78,NB073,2011,1030070,10
78,NB073,2002,1030070,10
78,NB073,2012,1030070,10
78,NB073,2001,1030070,10
78,NB073,2003,1030070,10
78,NB073,2008,1030070,10
17,NB074,2013,1051846,10
17,NB074,2010,1051846,10
17,NB074,2012,1051846,9
17,NB074,2001,1074804,10
17,NB074,2002,1074804,10
48,NB075,2010,1030092,10
48,NB075,2013,1030092,10
48,NB075,2008,1030092,10
48,NB075,2012,1030092,9
48,NB075,2009,1030092,10
48,NB075,2011,1030092,10
48,NB075,2007,1030092,10
48,NB075,2001,1074824,10
48,NB075,2003,1074824,10
48,NB075,2004,1074824,10
48,NB075,2002,1074824,10
48,NB075,2005,1074833,10
48,NB075,2015,1079011,10
48,NB075,2016,1079011,8
48,NB075,2014,1079011,10
42,NB076,2010,1030030,9
42,NB076,2013,1044071,10
42,NB076,2002,1074781,10
42,NB076,2001,1074781,10
42,NB076,2003,1077253,10
42,NB076,2005,1077253,10
88,NB077,2002,1074807,10
88,NB077,2001,1074807,10
35,NB078,2010,1030030,10
35,NB078,2012,1032177,10
35,NB078,2004,1074814,8
35,NB078,2003,1074814,8
35,NB078,2002,1074814,10
35,NB078,2001,1074814,10
35,NB078,2005,1074867,10
35,NB078,2015,1074876,10
35,NB078,2016,1074879,7
49,NB079,2014,1051810,10
49,NB079,2016,1051810,10
49,NB079,2015,1051810,10
49,NB079,2001,1074817,10
49,NB079,2002,1074845,10
49,NB079,2003,1077254,10
34,NB080,2006,1051847,10
34,NB080,2011,1051847,10
34,NB080,2016,1051847,10
34,NB080,2013,1051847,10
34,NB080,2012,1051847,10
34,NB080,2007,1051847,10
34,NB080,2015,1051847,10
34,NB080,2005,1051847,10
34,NB080,2004,1051847,10
34,NB080,2001,1051847,10
34,NB080,2003,1051847,10
34,NB080,2010,1051847,10
34,NB080,2002,1051847,7
34,NB080,2008,1051847,10
34,NB080,2009,1051847,10
30,NB081,2013,1074779,10
30,NB081,2012,1074870,10
30,NB081,2007,1077270,10
30,NB081,2006,1077270,9
30,NB081,2003,1077270,9
30,NB081,2002,1077270,10
30,NB081,2001,1077270,10
30,NB081,2005,1077270,10
29,NB082,2009,1030137,9
29,NB082,2013,1051848,10
29,NB082,2005,1074777,10
29,NB082,2001,1074777,10
29,NB082,2003,1074777,10
29,NB082,2002,1074777,10
86,NB083,2010,1030122,10
86,NB083,2014,1030122,10
86,NB083,2009,1030122,10
86,NB083,2011,1030122,10
86,NB083,2012,1030122,10
86,NB083,2002,1074822,10
86,NB083,2003,1074822,10
86,NB083,2001,1074822,10
86,NB083,2007,1077288,10
86,NB083,2006,1077288,10
86,NB083,2005,1077288,10
86,NB083,2004,1077288,10
86,NB083,2008,1077288,10
56,NB084,2016,1074880,9
56,NB084,2002,1077274,10
56,NB084,2007,1077274,8
56,NB084,2006,1077274,10
56,NB084,2005,1077274,8
56,NB084,2003,1077274,9
56,NB084,2001,1077274,10
56,NB084,2004,1077274,9
56,NB084,2010,1081636,10
97,NB085,2009,1077263,10
97,NB085,2014,1077263,10
97,NB085,2001,1077263,10
97,NB085,2012,1077263,10
97,NB085,2005,1077263,10
97,NB085,2006,1077263,10
97,NB085,2007,1077263,10
97,NB085,2013,1077263,10
97,NB085,2015,1077263,10
97,NB085,2003,1077263,10
97,NB085,2002,1077263,9
97,NB085,2010,1077263,10
97,NB085,2008,1077263,10
95,NB086,2011,1074868,10
95,NB086,2015,1074868,10
95,NB086,2008,1077256,10
95,NB086,2009,1077256,10
95,NB086,2010,1077256,10
95,NB086,2001,1077257,10
95,NB086,2007,1077257,10
95,NB086,2006,1077257,10
95,NB086,2005,1077257,10
95,NB086,2002,1077257,10
95,NB086,2003,1077257,10
57,NB087,2003,1077311,10
57,NB087,2010,1081641,10
57,NB087,2011,1081641,6
34,NB088,2006,1067861,10
34,NB088,2008,1067861,10
34,NB088,2009,1067861,8
34,NB088,2001,1074802,10
34,NB088,2007,1077313,10
34,NB089,2008,1067861,10
34,NB089,2006,1067861,10
34,NB089,2001,1074802,10
34,NB089,2007,1077313,10
26,NB090,2014,1067861,8
26,NB090,2002,1067861,10
26,NB090,2001,1074802,10
22,NB091,2001,1074826,10
22,NB091,2002,1074871,9
22,NB091,2005,1077308,10
22,NB091,2003,1077308,9
22,NB091,2004,1077308,10
22,NB091,2006,1077308,10
22,NB091,2007,1077308,10
22,NB091,2010,1077308,10
22,NB091,2009,1077308,10
65,NB092,2007,1051836,10
65,NB092,2006,1051836,10
65,NB092,2005,1051836,10
65,NB092,2004,1051836,10
65,NB092,2003,1051836,10
65,NB092,2001,1074778,10
65,NB092,2011,1077318,10
65,NB092,2008,1077318,10
65,NB092,2009,1077318,10
84,NB094,2010,1030122,10
84,NB094,2015,1030122,10
84,NB094,2012,1030122,10
84,NB094,2007,1030122,10
84,NB094,2008,1030122,10
84,NB094,2006,1030122,10
84,NB094,2005,1030122,10
84,NB094,2004,1030122,10
84,NB094,2003,1030122,10
84,NB094,2002,1030122,10
84,NB094,2014,1030122,10
74,NB096,2014,1030122,10
74,NB096,2015,1030122,10
74,NB096,2010,1030122,10
74,NB096,2012,1030122,10
74,NB096,2009,1030122,9
74,NB096,2008,1030122,10
74,NB096,2006,1030122,10
74,NB096,2005,1030122,10
74,NB096,2004,1030122,10
74,NB096,2007,1030122,9
74,NB096,2003,1077288,10
74,NB096,2002,1077288,10
68,NB097,2004,1074836,10
68,NB097,2002,1074836,10
68,NB097,2005,1077311,10
53,NB098,2002,1074797,10
53,NB098,2005,1081632,10
53,NB098,2004,1081632,10
62,NB099,2010,1030030,10
62,NB099,2015,1044182,9
62,NB099,2002,1077255,9
62,NB099,2006,1077255,9
62,NB099,2005,1077255,10
62,NB099,2003,1077255,9
62,NB099,2004,1077255,10
101,NB101,2016,1051811,8
101,NB101,2009,1051811,10
101,NB101,2011,1051811,10
101,NB101,2008,1051811,10
101,NB101,2012,1051811,10
101,NB101,2007,1051811,10
101,NB101,2003,1051811,10
101,NB101,2004,1051811,10
101,NB101,2005,1051811,10
101,NB101,2006,1051811,10
101,NB101,2013,1051811,10
102,NB102,2012,1051811,10
102,NB102,2008,1051811,10
102,NB102,2006,1051811,10
102,NB102,2005,1051811,10
102,NB102,2013,1051811,10
102,NB102,2016,1051811,10
102,NB102,2004,1051811,10
102,NB102,2003,1051811,10
102,NB102,2015,1051811,10
61,NB103,2002,1013845,10
61,NB103,2003,1013845,10
61,NB103,2011,1030137,9
61,NB103,2009,1030137,10
61,NB103,2008,1030137,10
44,NB104,2004,1013845,10
44,NB104,2006,1013845,10
44,NB104,2005,1013845,10
44,NB104,2016,1044071,10
44,NB104,2015,1044071,10
44,NB104,2012,1044071,10
44,NB104,2014,1044071,10
44,NB104,2013,1044071,10
22,NB105,2009,1030089,10
22,NB105,2016,1030089,10
22,NB105,2006,1030089,10
22,NB105,2005,1030089,10
22,NB105,2004,1030089,10
22,NB105,2008,1030089,10
76,NB107,2002,1074881,10
59,NB108,2003,1051817,10
59,NB108,2005,1051817,10
59,NB108,2002,1051817,10
31,NB109,2012,1068003,10
31,NB109,2008,1068003,10
31,NB109,2010,1068003,10
31,NB109,2007,1068003,9
31,NB109,2009,1068003,9
31,NB109,2006,1068003,10
31,NB109,2002,1074786,10
31,NB109,2003,1074786,10
15,NB110,2003,1051827,10
15,NB110,2002,1051827,10
15,NB110,2012,1051827,10
15,NB110,2004,1051827,10
15,NB110,2005,1051827,9
15,NB110,2006,1051827,10
15,NB110,2016,1051827,9
15,NB110,2007,1051827,10
15,NB110,2008,1051827,9
15,NB110,2013,1051827,9
15,NB110,2011,1051827,9
15,NB110,2015,1051827,9
15,NB110,2014,1051827,9
15,NB110,2010,1051827,10
15,NB110,2009,1051827,10
34,NB112,2009,1067861,10
34,NB112,2014,1067861,10
34,NB112,2008,1067861,10
34,NB112,2004,1077259,10
34,NB112,2003,1077259,10
34,NB112,2006,1077259,10
34,NB112,2007,1077313,10
22,NB113,2011,1051849,10
22,NB113,2007,1051849,10
22,NB113,2013,1051849,10
22,NB113,2005,1051849,10
22,NB113,2009,1051849,10
22,NB113,2012,1051849,10
22,NB113,2010,1051849,9
22,NB113,2015,1051849,10
22,NB113,2008,1051849,10
22,NB113,2014,1051849,10
56,NB063,2019,1074880,10
56,NB084,2019,1074880,7
16,NB056,2019,1077272,10
59,NB008,2019,1074874,10
95,NB086,2019,1074868,10
48,NB075,2019,1079011,10
69,NB036,2019,1051832,10
77,NB010,2019,1074836,10
43,NB023,2019,1030368,10
34,NB080,2019,1051847,10
17,NB027,2019,1051826,10
30,NB081,2019,1079009,10
102,NB102,2019,1051811,10
101,NB101,2019,1051811,10
113,NB043,2019,1051811,9
22,NB113,2019,1030060,10
68,NB097,2019,1081919,9
15,NB001,2019,1054918,10
184,NS036,2017,1032073,9
190,NS029,2017,1051828,10
28,NS025,2017,1030311,9
234,NS025,2017,1030311,9
209,NS014,2017,1030340,10
211,NS016,2017,1051814,10
177,NS048,2017,1030079,10
229,NS003,2017,1030054,10
201,NS021,2017,1030049,10
175,NS035,2017,1031548,10
175,NS034,2017,1031548,10
174,NS049,2017,1031548,10
172,NS044,2017,1069217,10
19,NS026,2017,1032294,10
223,NS026,2017,1032294,10
189,NS019,2017,1051816,9
189,NS019,2016,1051816,9
191,NS028,2017,1030104,10
194,NS039,2017,1051834,9
221,NS015,2017,1048652,10
181,NS027,2017,1077695,10
192,NS032,2017,1031008,9
201,NS017,2017,1051815,10
185,NS047,2017,1079012,10
27,NS022,2017,1074862,10
233,NS022,2017,1074862,10
176,NS041,2017,1051836,10
209,NS013,2017,1031199,10
184,NS036,2018,1032073,10
28,NS025,2018,1030311,9
234,NS025,2018,1030311,9
209,NS014,2018,1030340,10
201,NS017,2018,1051815,9
210,NS004,2017,1030340,8
192,NS032,2018,1031008,10
190,NS029,2018,1051828,10
201,NS021,2018,1030049,10
210,NS004,2018,1030340,10
229,NS003,2018,1030340,10
204,NS037,2018,1079396,10
204,NS038,2018,1079396,9
19,NS026,2018,1079478,10
223,NS026,2018,1079478,10
189,NS018,2018,1030162,10
202,NS030,2018,1051829,9
194,NS039,2018,1051834,10
177,NS046,2018,1077309,7
185,NS047,2018,1079012,9
191,NS028,2018,1030104,11
175,NS035,2018,1031548,10
174,NS049,2018,1031548,10
176,NS041,2018,1051836,10
165,NS053,2018,1078945,10
192,NS033,2018,1051814,10
172,NS044,2018,1069217,10
184,NS040,2018,1077838,10
190,NS020,2018,1080791,9
209,NS013,2018,1031199,9
190,NS029,2019,1051828,10
209,NS014,2019,1030340,10
222,NS023,2019,1081094,10
192,NS033,2019,1080982,10
28,NS025,2019,1030311,9
234,NS025,2019,1030311,9
208,NS006,2019,1081121,10
184,NS036,2019,1032073,10
210,NS004,2019,1030340,10
204,NS037,2019,1079396,9
204,NS038,2019,1079396,10
185,NS047,2019,1079012,10
201,NS021,2019,1030049,10
19,NS026,2019,1079478,10
223,NS026,2019,1079478,10
203,NS031,2019,1032652,10
165,NS053,2019,1078945,10
220,NS001,2011,1030340,10
220,NS001,2008,1030340,10
220,NS001,2012,1030340,10
220,NS001,2010,1030340,10
220,NS001,2003,1074860,2
220,NS001,2006,1077306,10
220,NS001,2004,1077306,10
220,NS001,2005,1077306,10
218,NS002,2014,1051808,10
218,NS002,2005,1074846,9
218,NS002,2006,1077304,10
229,NS003,2006,1030054,10
229,NS003,2010,1030054,10
229,NS003,2015,1030054,10
229,NS003,2002,1030054,10
229,NS003,2014,1030054,10
229,NS003,2013,1030054,10
229,NS003,2012,1030054,10
229,NS003,2005,1030054,9
229,NS003,2007,1030054,10
229,NS003,2009,1030054,10
229,NS003,2016,1030054,10
229,NS003,2008,1030054,10
229,NS003,2011,1077307,10
210,NS004,2016,1030340,10
210,NS004,2010,1030340,10
210,NS004,2009,1030340,10
210,NS004,2011,1030340,10
210,NS004,2012,1030340,10
210,NS004,2013,1030340,9
210,NS004,2005,1030340,10
210,NS004,2006,1030340,10
210,NS004,2007,1030340,10
210,NS004,2015,1030340,10
210,NS004,2014,1030340,10
210,NS004,2004,1030378,9
210,NS004,2003,1074849,10
210,NS004,2002,1074849,10
209,NS005,2003,1074854,10
209,NS005,2002,1074854,10
209,NS005,2005,1074888,3
208,NS006,2014,1030355,10
208,NS006,2009,1030355,10
208,NS006,2010,1030355,10
208,NS006,2013,1030355,10
208,NS006,2011,1030355,10
208,NS006,2012,1030355,10
208,NS006,2006,1076859,10
208,NS006,2007,1076859,10
208,NS006,2003,1076859,10
208,NS006,2004,1076859,10
208,NS006,2005,1076859,10
208,NS006,2002,1076859,10
208,NS007,2007,1030054,10
208,NS007,2014,1030054,10
208,NS007,2009,1030054,10
208,NS007,2008,1030054,10
208,NS007,2011,1030054,10
208,NS007,2012,1030054,9
208,NS007,2010,1030054,10
208,NS007,2003,1030054,10
208,NS007,2013,1030054,10
208,NS007,2004,1030054,10
208,NS007,2002,1030054,10
208,NS007,2005,1030054,9
208,NS007,2006,1030054,10
207,NS008,2003,1074848,10
207,NS008,2002,1074848,10
207,NS009,2003,1074846,9
207,NS009,2004,1074846,10
207,NS009,2002,1074855,10
208,NS010,2011,1031053,10
208,NS010,2010,1031053,10
208,NS010,2002,1074856,10
208,NS010,2003,1074858,10
209,NS011,2002,1045407,10
209,NS011,2004,1045407,10
199,NS012,2016,1031053,10
199,NS012,2010,1031053,10
199,NS012,2011,1031053,10
199,NS012,2012,1031053,10
199,NS012,2015,1031053,10
199,NS012,2014,1031053,10
199,NS012,2002,1074796,10
199,NS012,2003,1074859,10
209,NS013,2004,1031199,10
209,NS013,2014,1031199,10
209,NS013,2013,1031199,9
209,NS013,2007,1031199,9
209,NS013,2002,1031199,10
209,NS013,2010,1031199,10
209,NS013,2006,1031199,10
209,NS014,2016,1030340,10
209,NS014,2015,1030340,10
209,NS014,2013,1030340,10
209,NS014,2014,1030340,10
209,NS014,2011,1030340,10
209,NS014,2010,1030340,10
209,NS014,2008,1030340,10
209,NS014,2006,1030340,10
209,NS014,2007,1030340,9
209,NS014,2009,1030340,10
209,NS014,2005,1030340,9
209,NS014,2004,1030340,8
209,NS014,2003,1030340,10
209,NS014,2002,1030340,10
209,NS014,2012,1030340,10
221,NS015,2013,1048652,9
221,NS015,2012,1048652,10
221,NS015,2008,1048652,10
221,NS015,2016,1048652,10
221,NS015,2014,1048652,10
221,NS015,2009,1048652,10
221,NS015,2010,1048652,10
221,NS015,2007,1048652,10
221,NS015,2011,1048652,10
221,NS015,2004,1074787,10
221,NS015,2002,1074787,10
221,NS015,2005,1075492,10
221,NS015,2006,1075492,10
211,NS016,2015,1032285,10
211,NS016,2016,1032285,10
211,NS016,2014,1032285,10
211,NS016,2007,1051821,10
211,NS016,2002,1074775,10
211,NS016,2003,1074775,10
211,NS016,2004,1074775,10
201,NS017,2016,1051815,10
201,NS017,2014,1051815,10
201,NS017,2015,1051815,10
201,NS017,2006,1051821,10
201,NS017,2004,1051821,10
201,NS017,2007,1051821,10
201,NS017,2002,1074853,7
201,NS017,2003,1074853,10
189,NS018,2014,1030378,10
189,NS018,2009,1030378,9
189,NS018,2016,1030378,10
189,NS018,2013,1030378,10
189,NS018,2015,1030378,10
189,NS018,2005,1030378,6
189,NS018,2007,1030378,10
189,NS018,2006,1030378,10
189,NS018,2012,1030378,10
189,NS018,2003,1075492,10
189,NS018,2004,1075492,10
189,NS019,2004,1030104,10
189,NS019,2005,1030104,10
189,NS019,2003,1030104,10
189,NS019,2014,1051816,10
189,NS019,2011,1051816,10
189,NS019,2010,1051816,10
189,NS019,2012,1051816,10
189,NS019,2007,1051816,10
189,NS019,2009,1051816,10
189,NS019,2008,1051816,10
189,NS019,2006,1051816,10
190,NS020,2009,1030348,9
190,NS020,2014,1031030,9
190,NS020,2013,1031030,9
190,NS020,2015,1031030,10
190,NS020,2012,1031030,9
190,NS020,2016,1031030,10
190,NS020,2011,1031030,10
190,NS020,2010,1031030,10
190,NS020,2006,1077287,10
190,NS020,2004,1077287,9
190,NS020,2005,1077287,10
190,NS020,2002,1077287,10
190,NS020,2003,1077287,10
201,NS021,2009,1030049,10
201,NS021,2010,1030049,10
201,NS021,2015,1030049,10
201,NS021,2008,1030049,10
201,NS021,2013,1030049,10
201,NS021,2012,1030049,10
201,NS021,2002,1030049,10
201,NS021,2003,1030049,10
201,NS021,2004,1030049,10
201,NS021,2006,1030049,10
201,NS021,2007,1030049,10
201,NS021,2014,1030049,10
201,NS021,2016,1030049,10
201,NS021,2011,1030049,10
201,NS021,2005,1030049,10
27,NS022,2011,1051819,9
233,NS022,2011,1051819,9
27,NS022,2005,1051819,10
233,NS022,2005,1051819,10
27,NS022,2015,1051819,9
233,NS022,2015,1051819,9
27,NS022,2003,1051819,9
233,NS022,2003,1051819,9
27,NS022,2016,1074862,9
233,NS022,2016,1074862,9
222,NS023,2008,1030110,10
222,NS023,2002,1051819,10
222,NS023,2005,1051819,10
222,NS023,2016,1053423,10
222,NS023,2015,1053423,10
222,NS023,2012,1074891,10
222,NS023,2011,1074891,10
13,NS024,2002,1031047,9
214,NS024,2002,1031047,9
13,NS024,2008,1031047,10
214,NS024,2008,1031047,10
13,NS024,2007,1031047,10
214,NS024,2007,1031047,10
13,NS024,2010,1031047,10
214,NS024,2010,1031047,10
13,NS024,2003,1031047,10
214,NS024,2003,1031047,10
13,NS024,2004,1031047,10
214,NS024,2004,1031047,10
13,NS024,2006,1031047,10
214,NS024,2006,1031047,10
28,NS025,2006,1030311,10
234,NS025,2006,1030311,10
28,NS025,2007,1030311,10
234,NS025,2007,1030311,10
28,NS025,2005,1030311,10
234,NS025,2005,1030311,10
28,NS025,2009,1030311,10
234,NS025,2009,1030311,10
28,NS025,2003,1030311,10
234,NS025,2003,1030311,10
28,NS025,2002,1030311,10
234,NS025,2002,1030311,10
28,NS025,2011,1030311,9
234,NS025,2011,1030311,9
28,NS025,2013,1030311,10
234,NS025,2013,1030311,10
28,NS025,2008,1030311,10
234,NS025,2008,1030311,10
28,NS025,2016,1030311,10
234,NS025,2016,1030311,10
28,NS025,2015,1030311,10
234,NS025,2015,1030311,10
19,NS026,2003,1030068,10
223,NS026,2003,1030068,10
19,NS026,2002,1030068,10
223,NS026,2002,1030068,10
19,NS026,2007,1030068,9
223,NS026,2007,1030068,9
19,NS026,2014,1030068,9
223,NS026,2014,1030068,9
19,NS026,2012,1030068,10
223,NS026,2012,1030068,10
19,NS026,2009,1030068,10
223,NS026,2009,1030068,10
19,NS026,2008,1030068,10
223,NS026,2008,1030068,10
19,NS026,2010,1030068,10
223,NS026,2010,1030068,10
19,NS026,2016,1032294,10
223,NS026,2016,1032294,10
19,NS026,2015,1032294,10
223,NS026,2015,1032294,10
181,NS027,2015,1030104,10
181,NS027,2007,1030104,10
181,NS027,2005,1030104,10
181,NS027,2003,1030104,10
181,NS027,2016,1030104,10
181,NS027,2014,1030104,10
181,NS027,2008,1030104,10
181,NS027,2006,1030104,10
181,NS027,2010,1030104,10
181,NS027,2012,1030104,10
181,NS027,2013,1030104,10
181,NS027,2009,1030104,10
181,NS027,2004,1030104,10
181,NS027,2002,1076881,10
181,NS027,2011,1076881,10
191,NS028,2012,1030104,10
191,NS028,2010,1030104,10
191,NS028,2016,1030104,9
191,NS028,2013,1030104,10
191,NS028,2014,1030104,10
191,NS028,2005,1076881,10
191,NS028,2008,1076881,10
191,NS028,2009,1076881,10
191,NS028,2002,1076881,10
191,NS028,2006,1076881,10
191,NS028,2007,1076881,10
191,NS028,2011,1076881,10
191,NS028,2003,1076881,10
190,NS029,2005,1030069,10
190,NS029,2002,1030069,10
190,NS029,2004,1030069,10
190,NS029,2007,1030069,10
190,NS029,2009,1030069,10
190,NS029,2008,1030069,9
190,NS029,2003,1030069,9
190,NS029,2013,1051828,10
190,NS029,2015,1051828,10
190,NS029,2014,1051828,10
190,NS029,2016,1051828,10
190,NS029,2012,1074891,10
202,NS030,2009,1030339,9
202,NS030,2005,1051829,10
202,NS030,2012,1051829,10
202,NS030,2011,1051829,10
202,NS030,2006,1051829,10
202,NS030,2016,1051829,10
202,NS030,2004,1051829,10
202,NS030,2010,1051829,10
202,NS030,2014,1051829,10
202,NS030,2002,1074842,10
203,NS031,2006,1051833,10
203,NS031,2002,1074847,10
203,NS031,2008,1077284,9
203,NS031,2014,1077284,10
203,NS031,2011,1077284,10
203,NS031,2012,1077284,10
203,NS031,2007,1077284,10
203,NS031,2015,1077284,10
203,NS031,2009,1077284,10
203,NS031,2010,1077284,10
203,NS031,2013,1077284,10
203,NS031,2016,1077284,10
192,NS032,2011,1031008,10
192,NS032,2012,1031008,10
192,NS032,2016,1031008,9
192,NS032,2014,1031008,10
192,NS032,2010,1031008,10
192,NS032,2009,1031008,9
192,NS032,2002,1077283,10
192,NS032,2006,1077283,10
192,NS032,2003,1077283,10
192,NS033,2005,1030071,10
192,NS033,2008,1030071,10
192,NS033,2007,1030071,10
192,NS033,2006,1030071,10
192,NS033,2002,1030071,10
192,NS033,2004,1030071,10
192,NS033,2003,1030071,10
192,NS033,2010,1030071,9
192,NS033,2016,1074872,10
175,NS034,2010,1030078,10
175,NS034,2004,1030078,9
175,NS034,2008,1030078,10
175,NS034,2007,1030078,10
175,NS034,2006,1030078,10
175,NS034,2003,1030078,10
175,NS034,2002,1030078,10
175,NS034,2014,1030401,10
175,NS034,2012,1030401,10
175,NS034,2015,1030401,10
175,NS034,2016,1030401,10
175,NS035,2008,1030401,10
175,NS035,2015,1030401,10
175,NS035,2007,1030401,10
175,NS035,2006,1030401,10
175,NS035,2005,1030401,9
175,NS035,2004,1030401,10
175,NS035,2003,1030401,10
175,NS035,2002,1030401,10
175,NS035,2009,1030401,10
175,NS035,2013,1030401,10
175,NS035,2010,1030401,10
175,NS035,2014,1030401,9
175,NS035,2012,1030401,10
175,NS035,2011,1030401,10
175,NS035,2016,1030401,9
184,NS036,2010,1030966,10
184,NS036,2015,1030966,10
184,NS036,2012,1030966,10
184,NS036,2002,1030966,10
184,NS036,2008,1030966,10
184,NS036,2014,1030966,10
184,NS036,2007,1030966,10
184,NS036,2016,1030966,10
184,NS036,2006,1030966,10
184,NS036,2005,1030966,10
184,NS036,2004,1030966,10
184,NS036,2003,1030966,10
184,NS036,2013,1030966,10
204,NS037,2008,1030075,10
204,NS037,2015,1030075,10
204,NS037,2014,1051833,10
204,NS037,2013,1051833,10
204,NS037,2010,1051833,9
204,NS037,2016,1051833,10
204,NS037,2009,1051833,9
204,NS037,2012,1051833,10
204,NS037,2011,1051833,10
204,NS037,2007,1051833,10
204,NS037,2002,1076884,10
204,NS037,2003,1076884,10
204,NS037,2005,1076884,10
204,NS037,2006,1076884,10
204,NS037,2004,1076884,10
204,NS038,2005,1031008,9
204,NS038,2002,1031008,10
204,NS038,2006,1031008,9
204,NS038,2008,1031008,9
204,NS038,2003,1031008,10
204,NS038,2013,1043873,9
204,NS038,2014,1043873,9
204,NS038,2015,1074877,10
194,NS039,2012,1051834,10
194,NS039,2014,1051834,10
194,NS039,2008,1051834,10
194,NS039,2003,1051834,10
194,NS039,2007,1051834,10
194,NS039,2006,1051834,10
194,NS039,2009,1051834,9
194,NS039,2005,1051834,10
194,NS039,2004,1051834,10
194,NS039,2015,1051834,10
194,NS039,2010,1051834,10
194,NS039,2011,1051834,10
194,NS039,2002,1074793,10
184,NS040,2008,1030336,10
184,NS040,2006,1030336,10
184,NS040,2005,1030336,10
184,NS040,2004,1030336,10
184,NS040,2003,1030336,10
184,NS040,2012,1030336,10
184,NS040,2007,1030336,10
184,NS040,2009,1030336,10
184,NS040,2013,1030336,10
184,NS040,2011,1030336,10
184,NS040,2010,1030336,10
184,NS040,2015,1051835,10
184,NS040,2016,1051835,10
184,NS040,2014,1051835,10
184,NS040,2002,1074850,10
176,NS041,2009,1051836,10
176,NS041,2011,1051836,10
176,NS041,2010,1051836,10
176,NS041,2008,1077286,10
176,NS041,2015,1077286,10
176,NS041,2013,1077286,10
176,NS041,2016,1077286,10
176,NS041,2003,1077286,10
176,NS041,2014,1077286,10
176,NS041,2005,1077286,10
176,NS041,2006,1077286,9
176,NS041,2007,1077286,10
176,NS041,2012,1077286,10
176,NS041,2002,1077286,9
170,NS042,2007,1032685,10
170,NS042,2006,1032685,10
164,NS043,2002,1032685,10
164,NS043,2007,1032685,10
164,NS043,2010,1032685,10
164,NS043,2003,1032685,10
172,NS044,2012,1030375,10
172,NS044,2009,1030375,10
172,NS044,2011,1030375,10
172,NS044,2008,1030375,10
172,NS044,2010,1030375,9
172,NS044,2016,1069217,10
172,NS044,2002,1074851,10
172,NS044,2003,1074851,10
172,NS044,2004,1074851,10
177,NS046,2010,1031055,10
177,NS046,2005,1074851,10
177,NS046,2002,1074852,10
177,NS046,2007,1077309,9
185,NS047,2006,1051838,10
185,NS047,2009,1051838,10
185,NS047,2007,1051838,10
185,NS047,2005,1051838,9
185,NS047,2010,1051838,10
185,NS047,2012,1051838,10
185,NS047,2002,1074857,8
177,NS048,2009,1030079,10
177,NS048,2006,1030079,9
177,NS048,2012,1030079,10
177,NS048,2005,1030079,10
177,NS048,2013,1030079,10
177,NS048,2007,1030079,10
177,NS048,2016,1030079,9
177,NS048,2008,1030079,10
177,NS048,2014,1030079,10
177,NS048,2010,1030079,9
177,NS048,2004,1074790,9
177,NS048,2002,1074840,10
174,NS049,2007,1030336,10
174,NS049,2006,1030336,9
174,NS049,2005,1030336,10
174,NS049,2015,1030401,10
174,NS049,2012,1030401,10
174,NS049,2013,1030401,10
174,NS049,2011,1030401,10
174,NS049,2016,1030401,10
174,NS049,2009,1030401,10
174,NS049,2008,1030401,9
174,NS049,2014,1030401,10
174,NS049,2010,1030401,9
174,NS049,2002,1074838,10
219,NS050,2005,1045407,10
219,NS050,2004,1045407,10
219,NS050,2006,1045407,10
219,NS050,2012,1051840,10
219,NS050,2010,1051840,9
163,NS052,2010,1081635,10
163,NS052,2009,1081635,10
221,NS015,2019,1048652,10
201,NS017,2019,1051815,10
202,NS030,2019,1051829,10
189,NS019,2018,1051816,10
189,NS019,2019,1051816,10
181,NS027,2019,1077695,10
175,NS035,2019,1031548,10
189,NS018,2019,1030162,9
184,NS040,2019,1077838,10
177,NS046,2019,1077309,10
194,NS039,2019,1051834,10
175,NS034,2019,1031548,10
174,NS049,2019,1031548,10
190,NS020,2019,1080791,8
172,NS044,2019,1069217,10
136,PE012,2017,1030087,10
136,PE013,2017,1032146,10
130,PE014,2017,1046571,9
129,PE016,2017,1077300,10
130,PE018,2017,1046572,10
130,PE019,2017,1046565,10
136,PE020,2017,1046577,10
130,PE024,2017,1030101,10
55,PE006,2017,1074878,10
137,PE006,2017,1074878,10
132,PE009,2017,1046566,10
132,PE010,2017,1079024,10
132,PE011,2017,1046568,10
138,PE005,2017,1079023,10
55,PE003,2017,1079025,10
137,PE003,2017,1079025,10
45,PE017,2017,1079026,10
133,PE017,2017,1079026,10
130,PE022,2017,1079027,10
130,PE023,2017,1079024,10
130,PE015,2017,1079022,9
130,PE021,2017,1079029,10
71,PE001,2018,1074598,9
142,PE001,2018,1074598,9
55,PE002,2018,1077298,10
137,PE002,2018,1077298,10
55,PE003,2018,1079025,10
137,PE003,2018,1079025,10
55,PE004,2018,1079020,10
137,PE004,2018,1079020,10
138,PE005,2018,1079023,10
55,PE006,2018,1074878,10
137,PE006,2018,1074878,10
45,PE007,2018,1077320,10
133,PE007,2018,1077320,10
132,PE008,2018,1030097,9
132,PE009,2018,1046566,10
132,PE010,2018,1077325,10
132,PE011,2018,1046568,10
136,PE012,2018,1046569,10
130,PE014,2018,1077277,10
130,PE015,2018,1079022,10
129,PE016,2018,1030101,10
45,PE017,2018,1079024,10
133,PE017,2018,1079024,10
130,PE018,2018,1077323,10
130,PE019,2018,1077292,10
136,PE020,2018,1042335,10
130,PE022,2018,1079027,10
130,PE023,2018,1079026,9
130,PE024,2018,1030101,10
71,PE001,2016,1074878,7
142,PE001,2016,1074878,7
71,PE001,2005,1077276,10
142,PE001,2005,1077276,10
71,PE001,2006,1077276,10
142,PE001,2006,1077276,10
71,PE001,2001,1077276,10
142,PE001,2001,1077276,10
71,PE001,2002,1077276,10
142,PE001,2002,1077276,10
71,PE001,2008,1077276,10
142,PE001,2008,1077276,10
71,PE001,2010,1077276,10
142,PE001,2010,1077276,10
71,PE001,2007,1077276,10
142,PE001,2007,1077276,10
71,PE001,2009,1077276,10
142,PE001,2009,1077276,10
71,PE001,2004,1077298,10
142,PE001,2004,1077298,10
71,PE001,2013,1077298,10
142,PE001,2013,1077298,10
71,PE001,2012,1077298,10
142,PE001,2012,1077298,10
71,PE001,2014,1081650,10
142,PE001,2014,1081650,10
55,PE002,2004,1074884,10
137,PE002,2004,1074884,10
55,PE002,2005,1074884,10
137,PE002,2005,1074884,10
55,PE002,2006,1077294,10
137,PE002,2006,1077294,10
55,PE002,2015,1077298,10
137,PE002,2015,1077298,10
55,PE002,2016,1077298,10
137,PE002,2016,1077298,10
55,PE002,2013,1077298,9
137,PE002,2013,1077298,9
55,PE002,2014,1077298,10
137,PE002,2014,1077298,10
55,PE002,2010,1077298,10
137,PE002,2010,1077298,10
55,PE002,2011,1077298,10
137,PE002,2011,1077298,10
55,PE002,2012,1077298,10
137,PE002,2012,1077298,10
55,PE002,2007,1077299,10
137,PE002,2007,1077299,10
55,PE002,2008,1077317,10
137,PE002,2008,1077317,10
55,PE002,2009,1077324,10
137,PE002,2009,1077324,10
55,PE003,2013,1077005,10
137,PE003,2013,1077005,10
55,PE003,2015,1077005,7
137,PE003,2015,1077005,7
55,PE003,2014,1077005,10
137,PE003,2014,1077005,10
55,PE003,2012,1077005,10
137,PE003,2012,1077005,10
55,PE003,2007,1077278,10
137,PE003,2007,1077278,10
55,PE003,2001,1077278,10
137,PE003,2001,1077278,10
55,PE003,2006,1077278,10
137,PE003,2006,1077278,10
55,PE003,2002,1077278,10
137,PE003,2002,1077278,10
55,PE003,2010,1077298,10
137,PE003,2010,1077298,10
55,PE003,2016,1079023,10
137,PE003,2016,1079023,10
55,PE004,2001,1074832,10
137,PE004,2001,1074832,10
55,PE004,2003,1074883,10
137,PE004,2003,1074883,10
55,PE004,2002,1074883,10
137,PE004,2002,1074883,10
55,PE004,2006,1077299,10
137,PE004,2006,1077299,10
55,PE004,2007,1077315,10
137,PE004,2007,1077315,10
55,PE004,2016,1077320,10
137,PE004,2016,1077320,10
55,PE004,2014,1077320,10
137,PE004,2014,1077320,10
55,PE004,2015,1077320,10
137,PE004,2015,1077320,10
55,PE004,2013,1077320,10
137,PE004,2013,1077320,10
55,PE004,2009,1077320,9
137,PE004,2009,1077320,9
55,PE004,2011,1077320,10
137,PE004,2011,1077320,10
55,PE004,2010,1077320,10
137,PE004,2010,1077320,10
55,PE004,2012,1077320,10
137,PE004,2012,1077320,10
55,PE004,2008,1077320,9
137,PE004,2008,1077320,9
138,PE005,2012,1030087,10
138,PE005,2011,1074892,10
138,PE005,2001,1077038,10
138,PE005,2003,1077038,10
138,PE005,2004,1077038,10
138,PE005,2006,1077038,10
138,PE005,2002,1077038,10
138,PE005,2007,1077295,10
138,PE005,2009,1077295,10
138,PE005,2008,1077310,9
138,PE005,2010,1077310,10
138,PE005,2015,1079024,10
138,PE005,2016,1079024,7
138,PE005,2013,1079029,10
138,PE005,2014,1081547,10
55,PE006,2015,1074878,10
137,PE006,2015,1074878,10
55,PE006,2016,1074878,10
137,PE006,2016,1074878,10
55,PE006,2007,1077279,10
137,PE006,2007,1077279,10
55,PE006,2005,1077279,10
137,PE006,2005,1077279,10
55,PE006,2004,1077279,10
137,PE006,2004,1077279,10
55,PE006,2003,1077279,9
137,PE006,2003,1077279,9
55,PE006,2001,1077279,10
137,PE006,2001,1077279,10
55,PE006,2009,1077321,10
137,PE006,2009,1077321,10
55,PE006,2008,1077321,10
137,PE006,2008,1077321,10
55,PE006,2011,1077321,10
137,PE006,2011,1077321,10
55,PE006,2010,1077321,10
137,PE006,2010,1077321,10
55,PE006,2013,1079024,10
137,PE006,2013,1079024,10
55,PE006,2012,1079029,10
137,PE006,2012,1079029,10
55,PE006,2014,1081651,9
137,PE006,2014,1081651,9
45,PE007,2011,1030087,10
133,PE007,2011,1030087,10
45,PE007,2009,1030087,10
133,PE007,2009,1030087,10
45,PE007,2015,1030087,10
133,PE007,2015,1030087,10
45,PE007,2012,1030087,10
133,PE007,2012,1030087,10
45,PE007,2010,1030087,9
133,PE007,2010,1030087,9
45,PE007,2013,1030087,10
133,PE007,2013,1030087,10
45,PE007,2016,1030087,10
133,PE007,2016,1030087,10
45,PE007,2007,1077280,10
133,PE007,2007,1077280,10
45,PE007,2006,1077280,10
133,PE007,2006,1077280,10
45,PE007,2005,1077280,10
133,PE007,2005,1077280,10
45,PE007,2001,1077280,10
133,PE007,2001,1077280,10
45,PE007,2008,1077322,10
133,PE007,2008,1077322,10
132,PE008,2013,1046566,10
132,PE008,2011,1077277,10
132,PE008,2005,1077281,10
132,PE008,2004,1077281,10
132,PE008,2003,1077281,10
132,PE008,2002,1077281,10
132,PE008,2001,1077281,10
132,PE008,2008,1077292,10
132,PE008,2007,1077316,8
132,PE008,2014,1079024,10
132,PE008,2016,1079024,10
132,PE008,2015,1079024,10
132,PE008,2010,1081649,9
132,PE009,2015,1046566,10
132,PE009,2011,1046566,10
132,PE009,2014,1046566,10
132,PE009,2008,1046566,10
132,PE009,2012,1046566,10
132,PE009,2002,1046566,10
132,PE009,2009,1046566,10
132,PE009,2010,1046566,10
132,PE009,2001,1046566,10
132,PE009,2007,1046566,10
132,PE009,2016,1046566,10
132,PE009,2003,1046566,10
132,PE009,2004,1046566,10
132,PE009,2006,1046566,10
132,PE009,2013,1046566,10
132,PE009,2005,1077278,10
132,PE010,2010,1030087,10
132,PE010,2013,1030087,10
132,PE010,2003,1074827,10
132,PE010,2001,1074827,10
132,PE010,2002,1074827,10
132,PE010,2011,1074865,10
132,PE010,2006,1077296,10
132,PE010,2005,1077296,10
132,PE010,2007,1077296,10
132,PE010,2008,1077296,10
132,PE010,2004,1077296,10
132,PE010,2009,1077324,10
132,PE010,2016,1079024,10
132,PE010,2015,1079024,10
132,PE011,2001,1074780,10
132,PE011,2014,1077289,10
132,PE011,2016,1077289,10
132,PE011,2013,1077289,10
132,PE011,2015,1077289,10
132,PE011,2004,1077289,10
132,PE011,2010,1077289,10
132,PE011,2003,1077289,10
132,PE011,2005,1077289,10
132,PE011,2006,1077289,10
132,PE011,2008,1077289,10
132,PE011,2007,1077289,10
132,PE011,2011,1077289,9
132,PE011,2002,1077289,10
132,PE011,2009,1077289,10
132,PE011,2012,1077289,10
136,PE012,2014,1030087,10
136,PE012,2003,1074885,10
136,PE012,2015,1077290,10
136,PE012,2005,1077290,10
136,PE012,2002,1077290,10
136,PE012,2016,1077290,10
136,PE012,2007,1077290,10
136,PE012,2009,1077290,10
136,PE012,2008,1077290,10
136,PE012,2012,1077290,10
136,PE012,2013,1077290,10
136,PE013,2016,1030087,10
136,PE013,2005,1076812,10
136,PE013,2002,1076812,10
136,PE013,2001,1076812,10
136,PE013,2004,1076812,10
136,PE013,2013,1076891,10
136,PE013,2008,1076891,10
136,PE013,2010,1076891,10
136,PE013,2012,1076891,10
136,PE013,2009,1076891,10
136,PE013,2011,1076891,10
136,PE013,2014,1076891,10
136,PE013,2007,1077281,10
130,PE014,2009,1077277,9
130,PE014,2010,1077277,10
130,PE014,2015,1077277,9
130,PE014,2011,1077277,9
130,PE014,2006,1077277,10
130,PE014,2014,1077277,9
130,PE014,2016,1077277,9
130,PE014,2007,1077277,10
130,PE014,2008,1077277,9
130,PE014,2005,1077277,10
130,PE014,2004,1077277,10
130,PE014,2003,1077277,10
130,PE014,2013,1077277,10
130,PE014,2001,1077277,10
130,PE015,2004,1074828,10
130,PE015,2001,1074828,9
130,PE015,2003,1074828,10
130,PE015,2005,1077038,10
130,PE015,2006,1077038,10
130,PE015,2007,1077038,10
130,PE015,2016,1077038,10
130,PE015,2010,1077323,10
130,PE015,2013,1077323,10
130,PE015,2012,1077323,10
130,PE015,2008,1077323,9
130,PE015,2009,1077323,10
130,PE015,2014,1079022,9
130,PE015,2015,1079022,10
129,PE016,2001,1074830,10
129,PE016,2002,1074830,10
129,PE016,2013,1077282,8
129,PE016,2015,1077282,10
129,PE016,2010,1077282,10
129,PE016,2007,1077282,10
129,PE016,2006,1077282,10
129,PE016,2005,1077282,10
129,PE016,2004,1077282,10
129,PE016,2003,1077282,10
129,PE016,2011,1077282,10
129,PE016,2016,1077282,10
129,PE016,2008,1077282,10
129,PE016,2014,1077282,10
45,PE017,2001,1074831,10
133,PE017,2001,1074831,10
45,PE017,2002,1074831,10
133,PE017,2002,1074831,10
45,PE017,2003,1074831,10
133,PE017,2003,1074831,10
45,PE017,2011,1074893,10
133,PE017,2011,1074893,10
45,PE017,2005,1076891,10
133,PE017,2005,1076891,10
45,PE017,2006,1077281,10
133,PE017,2006,1077281,10
45,PE017,2012,1077297,9
133,PE017,2012,1077297,9
45,PE017,2013,1077297,10
133,PE017,2013,1077297,10
45,PE017,2010,1077297,10
133,PE017,2010,1077297,10
45,PE017,2009,1077297,10
133,PE017,2009,1077297,10
45,PE017,2008,1077297,10
133,PE017,2008,1077297,10
45,PE017,2015,1077323,10
133,PE017,2015,1077323,10
45,PE017,2014,1077323,10
133,PE017,2014,1077323,10
45,PE017,2016,1077323,10
133,PE017,2016,1077323,10
130,PE018,2001,1074829,9
130,PE018,2002,1074829,10
130,PE018,2004,1074829,10
130,PE018,2007,1077264,10
130,PE018,2010,1077319,10
130,PE018,2009,1077319,10
130,PE018,2011,1077319,10
130,PE018,2013,1081645,10
130,PE018,2015,1081645,10
130,PE019,2008,1030087,8
130,PE019,2004,1074843,10
130,PE019,2003,1074843,10
130,PE019,2002,1074843,10
130,PE019,2001,1074843,10
130,PE019,2009,1077264,10
130,PE019,2005,1077264,10
130,PE019,2006,1077264,10
130,PE019,2013,1077292,10
130,PE019,2015,1077292,9
130,PE019,2011,1077292,9
130,PE019,2012,1077292,10
130,PE019,2016,1077292,10
130,PE019,2010,1077292,10
136,PE020,2001,1042335,10
136,PE020,2011,1042335,9
136,PE020,2014,1042335,9
136,PE020,2012,1042335,10
136,PE020,2013,1042335,10
136,PE020,2007,1042335,9
136,PE020,2006,1042335,10
136,PE020,2004,1042335,10
136,PE020,2003,1042335,10
136,PE020,2008,1042335,10
136,PE020,2015,1042335,10
136,PE020,2010,1042335,10
136,PE020,2016,1042335,10
130,PE021,2012,1046578,10
130,PE021,2010,1046578,10
130,PE021,2009,1046578,10
130,PE021,2008,1046578,10
130,PE021,2003,1074886,10
130,PE021,2011,1074894,10
130,PE021,2001,1077291,10
130,PE021,2006,1077291,10
130,PE021,2004,1077291,10
130,PE021,2005,1077291,10
130,PE021,2002,1077291,10
130,PE021,2007,1077300,10
130,PE021,2015,1077325,10
130,PE021,2016,1077325,10
130,PE021,2013,1081646,10
130,PE021,2014,1081646,10
130,PE022,2008,1030063,10
130,PE022,2010,1030063,10
130,PE022,2009,1030063,10
130,PE022,2001,1030087,10
130,PE022,2002,1030087,10
130,PE022,2003,1030087,10
130,PE022,2004,1030087,10
130,PE022,2005,1030087,10
130,PE022,2006,1030087,10
130,PE022,2016,1074895,10
130,PE022,2013,1074895,10
130,PE022,2015,1074895,10
130,PE022,2011,1074895,10
130,PE022,2012,1074895,10
130,PE022,2014,1081648,6
130,PE023,2006,1030063,10
130,PE023,2001,1074792,10
130,PE023,2003,1074887,10
130,PE023,2005,1074887,10
130,PE023,2004,1074887,10
130,PE023,2011,1074896,10
130,PE023,2007,1077319,9
130,PE023,2008,1077319,10
130,PE023,2009,1077325,10
130,PE023,2013,1079024,10
130,PE023,2014,1079029,10
130,PE023,2015,1079029,10
130,PE023,2016,1079029,10
130,PE023,2010,1081643,10
130,PE024,2010,1030101,10
130,PE024,2011,1030101,10
130,PE024,2008,1030101,10
130,PE024,2016,1030101,10
130,PE024,2014,1030101,10
130,PE024,2007,1030101,10
130,PE024,2012,1030101,10
130,PE024,2003,1030101,10
130,PE024,2015,1030101,10
130,PE024,2002,1030101,9
130,PE024,2006,1030101,10
130,PE024,2005,1030101,10
130,PE024,2004,1030101,10
130,PE024,2013,1030101,10
71,PE001,2019,1074598,10
142,PE001,2019,1074598,10
55,PE002,2019,1077298,10
137,PE002,2019,1077298,10
55,PE004,2019,1079020,10
137,PE004,2019,1079020,10
55,PE006,2019,1074878,10
137,PE006,2019,1074878,10
45,PE007,2019,1077320,10
133,PE007,2019,1077320,10
132,PE008,2019,1074598,6
132,PE009,2019,1046566,10
132,PE010,2019,1079024,10
132,PE011,2019,1046568,10
136,PE012,2019,1046569,10
136,PE013,2019,1032146,10
130,PE014,2019,1077277,9
130,PE018,2019,1077323,10
130,PE019,2019,1077292,10
136,PE020,2019,1042335,10
130,PE021,2019,1074598,6
130,PE022,2019,1079027,10
130,PE023,2019,1074598,10
